batch,time
0,4000
1,3916
2,3959
3,3708
4,3708
5,4042
6,4250
7,3958
8,3667
9,4125
10,3750
11,3708
12,4125
13,3750
14,4417
15,4125
16,3708
17,3875
18,3708
19,3709
20,3875
21,4125
22,4375
23,3958
24,4125
25,3750
26,4000
27,3709
28,3667
29,3916
30,3750
31,4375
32,3875
33,4125
34,4292
35,3750
36,3750
37,4000
38,3750
39,4500
40,3708
41,3791
42,3792
43,4084
44,3750
45,4125
46,4292
47,4333
48,4000
49,3833
50,3959
51,3875
52,3750
53,3667
54,3750
55,4375
56,3833
57,3709
58,3750
59,3917
60,3875
61,3750
62,3750
63,4333
64,3750
65,3750
66,3792
67,3959
68,3750
69,4000
70,3708
71,3708
72,4416
73,3875
74,3834
75,3708
76,3709
77,3708
78,3750
79,3708
80,4291
81,3750
82,4041
83,3916
84,3750
85,4250
86,3708
87,3750
88,4459
89,3875
90,3750
91,3916
92,3916
93,4166
94,4292
95,3750
96,4250
97,3708
98,4084
99,4625
100,3792
101,4083
102,4167
103,3833
104,4375
105,4583
106,3875
107,3750
108,3750
109,3750
110,3708
111,3834
112,3667
113,4333
114,3917
115,3750
116,3834
117,3958
118,3709
119,3708
120,4125
121,4500
122,3709
123,3708
124,3708
125,3666
126,3791
127,3916
128,3916
129,4709
130,4167
131,4167
132,3917
133,3958
134,3750
135,3750
136,3750
137,5000
138,3750
139,3750
140,3833
141,3667
142,3875
143,3833
144,3750
145,4292
146,4125
147,3750
148,3750
149,3792
150,3750
151,3958
152,4042
153,4167
154,4000
155,3708
156,4250
157,3708
158,3834
159,3708
160,4041
161,3750
162,4375
163,3750
164,4084
165,3958
166,3750
167,3708
168,3708
169,3750
170,4291
171,3791
172,3709
173,3708
174,3625
175,4084
176,3916
177,3875
178,4459
179,3875
180,3750
181,3750
182,3709
183,3750
184,4084
185,3667
186,4666
187,4000
188,4042
189,3750
190,3791
191,3958
192,3750
193,3792
194,4167
195,3958
196,3834
197,4084
198,3916
199,4083
200,4166
201,3750
202,3667
203,4333
204,3750
205,4000
206,3750
207,3792
208,3750
209,3917
210,3750
211,4375
212,3833
213,3792
214,3708
215,3916
216,3750
217,4042
218,3958
219,4333
220,3708
221,3916
222,3792
223,3666
224,4041
225,4333
226,4709
227,4833
228,3709
229,4000
230,3750
231,3709
232,3750
233,4083
234,3666
235,4333
236,4000
237,3750
238,3875
239,4334
240,3666
241,3709
242,4000
243,3875
244,4500
245,3791
246,3750
247,3750
248,3833
249,3750
250,3625
251,4375
252,4375
253,3750
254,3708
255,3709
256,3750
257,3750
258,3750
259,3750
260,4500
261,3709
262,3750
263,3708
264,3958
265,3958
266,3959
267,3791
268,5084
269,3875
270,4375
271,4250
272,3875
273,3958
274,4167
275,4042
276,4334
277,4416
278,3959
279,4125
280,4375
281,3709
282,3708
283,3708
284,3750
285,4458
286,3875
287,3792
288,3833
289,3917
290,4667
291,3875
292,4209
293,4500
294,3834
295,4000
296,3834
297,4167
298,3750
299,4041
300,4042
301,4750
302,4000
303,3916
304,3708
305,3792
306,3708
307,3917
308,4458
309,5041
310,3750
311,4333
312,3833
313,4000
314,3792
315,4083
316,3750
317,4750
318,3750
319,4250
320,3792
321,3875
322,4291
323,3833
324,3708
325,4041
326,4583
327,4125
328,4167
329,4458
330,3833
331,3792
332,3833
333,3917
334,4625
335,4042
336,3875
337,4000
338,4042
339,3792
340,4042
341,3792
342,4958
343,4500
344,4541
345,4250
346,3833
347,4250
348,3916
349,3875
350,4375
351,3917
352,3833
353,4042
354,3750
355,3791
356,3875
357,3750
358,4292
359,3958
360,3708
361,3750
362,3917
363,4000
364,4167
365,4000
366,4625
367,4333
368,4084
369,3709
370,3792
371,3917
372,3917
373,3917
374,3709
375,4583
376,3709
377,3708
378,3792
379,3792
380,3750
381,3708
382,3709
383,4250
384,4209
385,3750
386,4000
387,3750
388,3875
389,4084
390,3875
391,4375
392,3959
393,3875
394,3750
395,3834
396,3792
397,3750
398,3750
399,4375
400,3917
401,4084
402,3750
403,4042
404,3709
405,4333
406,3833
407,4250
408,4500
409,5000
410,4042
411,4000
412,3959
413,4292
414,4000
415,3916
416,4958
417,3917
418,3959
419,3708
420,3875
421,4084
422,3958
423,4417
424,4459
425,3833
426,3917
427,4333
428,3750
429,4500
430,3792
431,4000
432,4791
433,3792
434,3667
435,3959
436,3708
437,4500
438,4042
439,3875
440,4541
441,3916
442,3708
443,4167
444,3917
445,4250
446,3792
447,4125
448,4417
449,4208
450,4083
451,3917
452,4333
453,4791
454,4125
455,4292
456,3708
457,4500
458,3750
459,3750
460,4000
461,4667
462,4458
463,3916
464,3750
465,4625
466,3791
467,4084
468,3833
469,3833
470,4041
471,3708
472,3834
473,4458
474,3750
475,3708
476,3666
477,4000
478,3833
479,3667
480,3708
481,4458
482,4042
483,3750
484,4167
485,3875
486,4042
487,3833
488,4125
489,4708
490,3750
491,3959
492,3875
493,3875
494,3833
495,3750
496,3875
497,4125
498,4625
499,4125
500,3834
501,3750
502,3875
503,3709
504,4000
505,3708
506,4417
507,4084
508,3708
509,4000
510,4167
511,4459
512,3916
513,3791
514,4458
515,3792
516,4000
517,4042
518,3709
519,3875
520,4250
521,3958
522,4542
523,3792
524,3833
525,4250
526,3708
527,3791
528,3708
529,3709
530,4333
531,3916
532,4084
533,3875
534,3708
535,3917
536,3958
537,3750
538,3666
539,4417
540,3917
541,4250
542,4041
543,3791
544,3834
545,4042
546,3958
547,4333
548,4083
549,3833
550,4750
551,3667
552,3667
553,4000
554,3833
555,4584
556,3791
557,3834
558,3875
559,3958
560,3708
561,8417
562,4083
563,5042
564,4125
565,4125
566,4209
567,5584
568,5167
569,4750
570,4041
571,4625
572,4167
573,4416
574,3875
575,4000
576,3709
577,4500
578,4417
579,4334
580,4167
581,4583
582,4291
583,3959
584,3750
585,3833
586,4166
587,4000
588,4667
589,4375
590,4125
591,4250
592,4292
593,4083
594,4209
595,4083
596,4666
597,4125
598,3834
599,3750
600,4250
601,3875
602,4750
603,4000
604,5167
605,4292
606,4292
607,4792
608,3958
609,3875
610,4667
611,3958
612,5083
613,4375
614,4375
615,3792
616,4417
617,5166
618,4334
619,4041
620,4250
621,4125
622,4500
623,3875
624,4125
625,3833
626,4000
627,4625
628,4333
629,4792
630,4125
631,4541
632,4208
633,4125
634,4042
635,4250
636,4208
637,4958
638,4000
639,3917
640,3750
641,3958
642,3958
643,3875
644,3792
645,4792
646,3833
647,4000
648,4292
649,4292
650,4125
651,4084
652,3750
653,4709
654,3958
655,4084
656,3917
657,3958
658,3666
659,3834
660,4083
661,5083
662,4084
663,4000
664,3708
665,3875
666,3791
667,3708
668,3959
669,3666
670,5042
671,3750
672,4083
673,3875
674,4167
675,3750
676,3709
677,3917
678,4416
679,3875
680,4000
681,4375
682,4334
683,4042
684,3833
685,3708
686,4541
687,4417
688,3833
689,3750
690,4208
691,4000
692,4084
693,4083
694,4500
695,3958
696,3791
697,4625
698,4000
699,3667
700,4000
701,4084
702,4416
703,4042
704,3959
705,3834
706,4042
707,3792
708,4667
709,3958
710,3833
711,4459
712,3708
713,3791
714,3750
715,3708
716,4167
717,3959
718,3750
719,4291
720,4208
721,3709
722,3958
723,3791
724,4167
725,3875
726,3708
727,4709
728,3709
729,3750
730,3750
731,3959
732,3708
733,3708
734,3750
735,4709
736,3709
737,3708
738,3666
739,3792
740,3709
741,3708
742,4125
743,4416
744,4083
745,4167
746,3666
747,3709
748,4292
749,3708
750,3709
751,3875
752,4542
753,3875
754,3708
755,3708
756,4417
757,3834
758,4000
759,4042
760,4875
761,3833
762,4250
763,4000
764,4125
765,3958
766,4042
767,4167
768,4334
769,3959
770,3708
771,3833
772,3917
773,3708
774,3875
775,3750
776,4833
777,3834
778,4292
779,3708
780,3917
781,3958
782,3791
783,4000
784,4708
785,3834
786,4542
787,3958
788,3709
789,4125
790,3792
791,3958
792,4208
793,4291
794,4000
795,3958
796,3792
797,3917
798,3709
799,3750
800,3834
801,5417
802,4167
803,3917
804,3750
805,4125
806,3917
807,3833
808,3750
809,4417
810,3833
811,4042
812,3958
813,4458
814,3791
815,3875
816,5083
817,4375
818,3834
819,3917
820,4042
821,3792
822,3792
823,4125
824,4875
825,4667
826,3667
827,3875
828,3875
829,3792
830,3875
831,3750
832,3667
833,4208
834,3750
835,3833
836,3875
837,4042
838,3958
839,3708
840,4958
841,3792
842,4792
843,3667
844,3709
845,4000
846,3958
847,3791
848,4042
849,4041
850,4708
851,3709
852,4416
853,3875
854,3708
855,4084
856,3875
857,3666
858,4792
859,4125
860,3750
861,4083
862,4209
863,4750
864,3834
865,3833
866,4750
867,4041
868,4000
869,4375
870,4042
871,4291
872,4125
873,3708
874,4500
875,4084
876,4000
877,3959
878,4375
879,3959
880,3875
881,3792
882,3875
883,4583
884,4042
885,4042
886,3750
887,3709
888,3792
889,3792
890,3833
891,4834
892,4667
893,4000
894,4250
895,3959
896,4125
897,3917
898,3875
899,5083
900,3750
901,4084
902,4166
903,4000
904,3875
905,3917
906,4500
907,4625
908,3750
909,4209
910,3792
911,3875
912,4500
913,4958
914,3667
915,5417
916,4167
917,4708
918,4084
919,4250
920,4000
921,3916
922,4042
923,3958
924,4458
925,3792
926,3875
927,4042
928,3917
929,4084
930,3917
931,3917
932,5208
933,3791
934,3875
935,4250
936,4042
937,3958
938,3959
939,3917
940,4500
941,4209
942,3708
943,4458
944,4292
945,4125
946,4084
947,4167
948,4792
949,3792
950,3958
951,3875
952,3750
953,3709
954,4583
955,3708
956,4500
957,4125
958,4000
959,4167
960,4458
961,3958
962,4250
963,3875
964,4208
965,4250
966,3792
967,4375
968,4167
969,4084
970,4083
971,4000
972,3833
973,4459
974,3917
975,4167
976,3792
977,3917
978,3792
979,4041
980,4000
981,4542
982,3709
983,3792
984,4250
985,4042
986,3750
987,4292
988,3833
989,4875
990,3875
991,4250
992,3792
993,4042
994,4041
995,3750
996,3792
997,5000
998,4000
999,4292
1000,4125
1001,4041
1002,4084
1003,3916
1004,3834
1005,4250
1006,4500
1007,3875
1008,3709
1009,3750
1010,3750
1011,4917
1012,4167
1013,3833
1014,4833
1015,3750
1016,3708
1017,3791
1018,3709
1019,3792
1020,3792
1021,3750
1022,4667
1023,4083
1024,4000
1025,3708
1026,3667
1027,4750
1028,4000
1029,4125
1030,4917
1031,4417
1032,4584
1033,4084
1034,4500
1035,3792
1036,3792
1037,3791
1038,4666
1039,3834
1040,4542
1041,3791
1042,3708
1043,3917
1044,3875
1045,4041
1046,4500
1047,4042
1048,4208
1049,3875
1050,3708
1051,4333
1052,3709
1053,3958
1054,3917
1055,4333
1056,3791
1057,4125
1058,4250
1059,4292
1060,3875
1061,4375
1062,4334
1063,4667
1064,3917
1065,3959
1066,4375
1067,3834
1068,4125
1069,3834
1070,3709
1071,4917
1072,4041
1073,4291
1074,3792
1075,4417
1076,3750
1077,3959
1078,4042
1079,4458
1080,3959
1081,4292
1082,3708
1083,3709
1084,3875
1085,4000
1086,3917
1087,4375
1088,3791
1089,4083
1090,3958
1091,3833
1092,4125
1093,4000
1094,4709
1095,4042
1096,4709
1097,4000
1098,4083
1099,4125
1100,3917
1101,3750
1102,4250
1103,3791
1104,4542
1105,3750
1106,4084
1107,4167
1108,4209
1109,4292
1110,4417
1111,3958
1112,5000
1113,3709
1114,3708
1115,3750
1116,4208
1117,3750
1118,3792
1119,4041
1120,4625
1121,3834
1122,3875
1123,3750
1124,3708
1125,3916
1126,3666
1127,4209
1128,5000
1129,3709
1130,4000
1131,3917
1132,3875
1133,3917
1134,4459
1135,4000
1136,3792
1137,4583
1138,3916
1139,4250
1140,3875
1141,3708
1142,3792
1143,4083
1144,3958
1145,5458
1146,3750
1147,3708
1148,3875
1149,3875
1150,3917
1151,3958
1152,3792
1153,4708
1154,4084
1155,3959
1156,3875
1157,3917
1158,4125
1159,3834
1160,3917
1161,4542
1162,4000
1163,4125
1164,3833
1165,3875
1166,3750
1167,3875
1168,3875
1169,4625
1170,4000
1171,4292
1172,4833
1173,4208
1174,3792
1175,4417
1176,4208
1177,4042
1178,4167
1179,4334
1180,4042
1181,3667
1182,3958
1183,4375
1184,3792
1185,3875
1186,4875
1187,3750
1188,4166
1189,3750
1190,3791
1191,3709
1192,4333
1193,4333
1194,4333
1195,3791
1196,3875
1197,3833
1198,3709
1199,3708
1200,3833
1201,3834
1202,4333
1203,3750
1204,3709
1205,4083
1206,4042
1207,3917
1208,4084
1209,3750
1210,4458
1211,3791
1212,3750
1213,3750
1214,3875
1215,3917
1216,3708
1217,3875
1218,4167
1219,3959
1220,4167
1221,3708
1222,4125
1223,3916
1224,3833
1225,3958
1226,4000
1227,5416
1228,4166
1229,3958
1230,4125
1231,3791
1232,3875
1233,3875
1234,3750
1235,5042
1236,4250
1237,4667
1238,3875
1239,4083
1240,4833
1241,4250
1242,3875
1243,4584
1244,5292
1245,4167
1246,4417
1247,4792
1248,3958
1249,4125
1250,4083
1251,4666
1252,3833
1253,4458
1254,3833
1255,4084
1256,4167
1257,4250
1258,3875
1259,4458
1260,4042
1261,4042
1262,4083
1263,3834
1264,3750
1265,4208
1266,3708
1267,4000
1268,4542
1269,3958
1270,4125
1271,4125
1272,4750
1273,3792
1274,4083
1275,4333
1276,4792
1277,3917
1278,3709
1279,3875
1280,3834
1281,3750
1282,4083
1283,3750
1284,4666
1285,3791
1286,3708
1287,4084
1288,3834
1289,4000
1290,3833
1291,3875
1292,4583
1293,4375
1294,4292
1295,3958
1296,4375
1297,3833
1298,4125
1299,4209
1300,4791
1301,4333
1302,4875
1303,4167
1304,4583
1305,4583
1306,3917
1307,4459
1308,4542
1309,5125
1310,4208
1311,4125
1312,3792
1313,4208
1314,4000
1315,4000
1316,3667
1317,5375
1318,3750
1319,3875
1320,4458
1321,4375
1322,4166
1323,3875
1324,4291
1325,5333
1326,4417
1327,4292
1328,4208
1329,4500
1330,4666
1331,4458
1332,4208
1333,4875
1334,4542
1335,4875
1336,4334
1337,4500
1338,4125
1339,4458
1340,3916
1341,5000
1342,4000
1343,4000
1344,4209
1345,4041
1346,4125
1347,4333
1348,3791
1349,4167
1350,4291
1351,3792
1352,4291
1353,3791
1354,3792
1355,3792
1356,4083
1357,4250
1358,4542
1359,3875
1360,4000
1361,4041
1362,4250
1363,4000
1364,3958
1365,3917
1366,4542
1367,3959
1368,3917
1369,4125
1370,3833
1371,3750
1372,4000
1373,4792
1374,4541
1375,3750
1376,4292
1377,3833
1378,4417
1379,3750
1380,4000
1381,4292
1382,5167
1383,4625
1384,4250
1385,4583
1386,4750
1387,4375
1388,4500
1389,4333
1390,4125
1391,4417
1392,4125
1393,4625
1394,4208
1395,3833
1396,3750
1397,4209
1398,4667
1399,4875
1400,3958
1401,4500
1402,4250
1403,4041
1404,4208
1405,3959
1406,3750
1407,5166
1408,4125
1409,3958
1410,3708
1411,4208
1412,3875
1413,4167
1414,4000
1415,4708
1416,3791
1417,3791
1418,3959
1419,5208
1420,4167
1421,4417
1422,3875
1423,4875
1424,4000
1425,4459
1426,4083
1427,4458
1428,4291
1429,4125
1430,4166
1431,4458
1432,4458
1433,3916
1434,4208
1435,4125
1436,4167
1437,4333
1438,4375
1439,4458
1440,5000
1441,4166
1442,3875
1443,4459
1444,4000
1445,4209
1446,4334
1447,4375
1448,4916
1449,4083
1450,4125
1451,4292
1452,4084
1453,3833
1454,4209
1455,4416
1456,4583
1457,3917
1458,4000
1459,3917
1460,3750
1461,4250
1462,4000
1463,3875
1464,4541
1465,4167
1466,4167
1467,3792
1468,3792
1469,3750
1470,3875
1471,3959
1472,4625
1473,4125
1474,4041
1475,3916
1476,4000
1477,3917
1478,3792
1479,3667
1480,3792
1481,4334
1482,3667
1483,3833
1484,4000
1485,3667
1486,3666
1487,3667
1488,3750
1489,4625
1490,3750
1491,4083
1492,3750
1493,3958
1494,3834
1495,3958
1496,3792
1497,5042
1498,3959
1499,5209
1500,4333
1501,3875
1502,4708
1503,4834
1504,3917
1505,4875
1506,4208
1507,3708
1508,3750
1509,4375
1510,3708
1511,3792
1512,4250
1513,4417
1514,3917
1515,3958
1516,3709
1517,3708
1518,3667
1519,3667
1520,3750
1521,3708
1522,4250
1523,3708
1524,3709
1525,3917
1526,4000
1527,3666
1528,3708
1529,3709
1530,4291
1531,3709
1532,3958
1533,3667
1534,3709
1535,3791
1536,3792
1537,3708
1538,4416
1539,3833
1540,3709
1541,3667
1542,3666
1543,3708
1544,3709
1545,3708
1546,4250
1547,3666
1548,3708
1549,3917
1550,3708
1551,3667
1552,3667
1553,3958
1554,4375
1555,3958
1556,3709
1557,3750
1558,3709
1559,3792
1560,3667
1561,4042
1562,3750
1563,4209
1564,3708
1565,3917
1566,3708
1567,3708
1568,3792
1569,3833
1570,3958
1571,4583
1572,4000
1573,3791
1574,3833
1575,3834
1576,3709
1577,3792
1578,3708
1579,4292
1580,3750
1581,3750
1582,3875
1583,3708
1584,3750
1585,3833
1586,4250
1587,4333
1588,3708
1589,4000
1590,4041
1591,4041
1592,3750
1593,3916
1594,3875
1595,4583
1596,3959
1597,4000
1598,3792
1599,3834
1600,3708
1601,3833
1602,4000
1603,4375
1604,4000
1605,3875
1606,3875
1607,3875
1608,3708
1609,4041
1610,4084
1611,3958
1612,4333
1613,3750
1614,3792
1615,3708
1616,3708
1617,3750
1618,3709
1619,3792
1620,4375
1621,3750
1622,3750
1623,3959
1624,3708
1625,4500
1626,4250
1627,4167
1628,4542
1629,3750
1630,3709
1631,3875
1632,3750
1633,3792
1634,3958
1635,3709
1636,4333
1637,3834
1638,3750
1639,3709
1640,3958
1641,3875
1642,3667
1643,3916
1644,4500
1645,4333
1646,4292
1647,4333
1648,4458
1649,3708
1650,3750
1651,4083
1652,3833
1653,5042
1654,3917
1655,3917
1656,4084
1657,3708
1658,3792
1659,4000
1660,3666
1661,4459
1662,4833
1663,4125
1664,4000
1665,3709
1666,3916
1667,3792
1668,3958
1669,4959
1670,4041
1671,3875
1672,4208
1673,3708
1674,3750
1675,3792
1676,3709
1677,4625
1678,3667
1679,3959
1680,3833
1681,4125
1682,3750
1683,3750
1684,3750
1685,4667
1686,3750
1687,3750
1688,3875
1689,4125
1690,4334
1691,4417
1692,4042
1693,3833
1694,4625
1695,3958
1696,4625
1697,3750
1698,3917
1699,4292
1700,3834
1701,3917
1702,5292
1703,4333
1704,4500
1705,4209
1706,3959
1707,4500
1708,4709
1709,4667
1710,5209
1711,4208
1712,4375
1713,3667
1714,4042
1715,3833
1716,3833
1717,3709
1718,4333
1719,3750
1720,3834
1721,3792
1722,3750
1723,3792
1724,3708
1725,3875
1726,4792
1727,4042
1728,4209
1729,3792
1730,3708
1731,4417
1732,3792
1733,3792
1734,3708
1735,4541
1736,4083
1737,3875
1738,3750
1739,3958
1740,3791
1741,4292
1742,4208
1743,4959
1744,4000
1745,4667
1746,4375
1747,4500
1748,4458
1749,4125
1750,3875
1751,4666
1752,3750
1753,3958
1754,3958
1755,3917
1756,3709
1757,3750
1758,3917
1759,4292
1760,4041
1761,3750
1762,3667
1763,3708
1764,3958
1765,4000
1766,3666
1767,4459
1768,3667
1769,3875
1770,4250
1771,4333
1772,3708
1773,4083
1774,3750
1775,3708
1776,4375
1777,3792
1778,3708
1779,4041
1780,3666
1781,3667
1782,4000
1783,4292
1784,4584
1785,4042
1786,3792
1787,3708
1788,4166
1789,3666
1790,3791
1791,3708
1792,4459
1793,3875
1794,4042
1795,3708
1796,3792
1797,3958
1798,3709
1799,3666
1800,4333
1801,3709
1802,3958
1803,3750
1804,3875
1805,3792
1806,3917
1807,3708
1808,4500
1809,3750
1810,4083
1811,3833
1812,3875
1813,3917
1814,3709
1815,3750
1816,4250
1817,4250
1818,3709
1819,3750
1820,4000
1821,3709
1822,3750
1823,3709
1824,3958
1825,4458
1826,3709
1827,4375
1828,3750
1829,3709
1830,3708
1831,3875
1832,3959
1833,4500
1834,3917
1835,3750
1836,3709
1837,3708
1838,3709
1839,3708
1840,3708
1841,4500
1842,3958
1843,4125
1844,3708
1845,3833
1846,3792
1847,3709
1848,3708
1849,4417
1850,3792
1851,3834
1852,3708
1853,3792
1854,3709
1855,3792
1856,3667
1857,4250
1858,4000
1859,3875
1860,3834
1861,3959
1862,3750
1863,3750
1864,4000
1865,3708
1866,4584
1867,4791
1868,3958
1869,3708
1870,3750
1871,3708
1872,3750
1873,3709
1874,4583
1875,3916
1876,3750
1877,3958
1878,3708
1879,3792
1880,3750
1881,3750
1882,4584
1883,3750
1884,3708
1885,3709
1886,3750
1887,3708
1888,3750
1889,3708
1890,4333
1891,3750
1892,3750
1893,3709
1894,3958
1895,3791
1896,3708
1897,4000
1898,4375
1899,4000
1900,3708
1901,3708
1902,3959
1903,3833
1904,3750
1905,3750
1906,3917
1907,4334
1908,3750
1909,3750
1910,3958
1911,3834
1912,3750
1913,3792
1914,3750
1915,4500
1916,3750
1917,3834
1918,3750
1919,3709
1920,3708
1921,3750
1922,3666
1923,4375
1924,3750
1925,3709
1926,3708
1927,3750
1928,3750
1929,3750
1930,4000
1931,4375
1932,3709
1933,3833
1934,3709
1935,3708
1936,4000
1937,3750
1938,3750
1939,4250
1940,3875
1941,3833
1942,3917
1943,3875
1944,3750
1945,3750
1946,3708
1947,3708
1948,4208
1949,3750
1950,3709
1951,3958
1952,3750
1953,3708
1954,3750
1955,3750
1956,4375
1957,3709
1958,3750
1959,3875
1960,3708
1961,3708
1962,3709
1963,3708
1964,4500
1965,3750
1966,4250
1967,3667
1968,3709
1969,3708
1970,3709
1971,3750
1972,4541
1973,3750
1974,3709
1975,4000
1976,4000
1977,3750
1978,3750
1979,3667
1980,4333
1981,3833
1982,3958
1983,4167
1984,3834
1985,3958
1986,4500
1987,3750
1988,4250
1989,4542
1990,3875
1991,3709
1992,3667
1993,3750
1994,3917
1995,4000
1996,3709
1997,4542
1998,3709
1999,3750
2000,3792
2001,3792
2002,4000
2003,3750
2004,3708
2005,4625
2006,3750
2007,3958
2008,3750
2009,4167
2010,4041
2011,3708
2012,3709
2013,4458
2014,3791
2015,3750
2016,3750
2017,3750
2018,3834
2019,3750
2020,3708
2021,4792
2022,3708
2023,3708
2024,3875
2025,3750
2026,3833
2027,3750
2028,3750
2029,4292
2030,3833
2031,3750
2032,3708
2033,3709
2034,3791
2035,3750
2036,3792
2037,3750
2038,4333
2039,3958
2040,3709
2041,3709
2042,3708
2043,3750
2044,3750
2045,3750
2046,4250
2047,4375
2048,3791
2049,3708
2050,3709
2051,3750
2052,3708
2053,3708
2054,4250
2055,3917
2056,4125
2057,3708
2058,3709
2059,3708
2060,3750
2061,3708
2062,4417
2063,3791
2064,3750
2065,3750
2066,3917
2067,3667
2068,3708
2069,3750
2070,4291
2071,3917
2072,3917
2073,3750
2074,3709
2075,3833
2076,3916
2077,3833
2078,3916
2079,4416
2080,3708
2081,3709
2082,3958
2083,3709
2084,3708
2085,3709
2086,3791
2087,4375
2088,3750
2089,3709
2090,3708
2091,4167
2092,3750
2093,4042
2094,3834
2095,4666
2096,3875
2097,3833
2098,4083
2099,4042
2100,3959
2101,3958
2102,3708
2103,4416
2104,4250
2105,3708
2106,3708
2107,3750
2108,3833
2109,3708
2110,3959
2111,4292
2112,3750
2113,3834
2114,3750
2115,3959
2116,3792
2117,3791
2118,3750
2119,3708
2120,4292
2121,3750
2122,3709
2123,3750
2124,3791
2125,3666
2126,4041
2127,3709
2128,4250
2129,3916
2130,4041
2131,3750
2132,3917
2133,3833
2134,3792
2135,4083
2136,4625
2137,3792
2138,3791
2139,3708
2140,3792
2141,3750
2142,3750
2143,4000
2144,4416
2145,4084
2146,3708
2147,4042
2148,3750
2149,3959
2150,3708
2151,3875
2152,4750
2153,3625
2154,3709
2155,3792
2156,3958
2157,3750
2158,3875
2159,3709
2160,3833
2161,4667
2162,3708
2163,3791
2164,3750
2165,4000
2166,3709
2167,3750
2168,3750
2169,4583
2170,3875
2171,3750
2172,3708
2173,3750
2174,3750
2175,3833
2176,3750
2177,4209
2178,3750
2179,4083
2180,4208
2181,4041
2182,3916
2183,3833
2184,4333
2185,4625
2186,3750
2187,3709
2188,3791
2189,4417
2190,3750
2191,3791
2192,3958
2193,4417
2194,3792
2195,3750
2196,3709
2197,3708
2198,3750
2199,3917
2200,3750
2201,4083
2202,3917
2203,3792
2204,4208
2205,4125
2206,3834
2207,3875
2208,3708
2209,3750
2210,4666
2211,3667
2212,3750
2213,3958
2214,3750
2215,3875
2216,3834
2217,3875
2218,4917
2219,3917
2220,4375
2221,4291
2222,3916
2223,4708
2224,3750
2225,3791
2226,4458
2227,3709
2228,3792
2229,3875
2230,3875
2231,3709
2232,3875
2233,3791
2234,4416
2235,3709
2236,4000
2237,3833
2238,3875
2239,3792
2240,3833
2241,4208
2242,4666
2243,4250
2244,3750
2245,4042
2246,3750
2247,3708
2248,3750
2249,3667
2250,3750
2251,4333
2252,3875
2253,3792
2254,3791
2255,3750
2256,3708
2257,3708
2258,3709
2259,4292
2260,4166
2261,3834
2262,3833
2263,4125
2264,4167
2265,4000
2266,3750
2267,4291
2268,3875
2269,3875
2270,3875
2271,4084
2272,3708
2273,3916
2274,3708
2275,4542
2276,3709
2277,4166
2278,3708
2279,3750
2280,3750
2281,4166
2282,3667
2283,4334
2284,3750
2285,3709
2286,3917
2287,3708
2288,3709
2289,3791
2290,3750
2291,3708
2292,4291
2293,3791
2294,3792
2295,3709
2296,3708
2297,3792
2298,3708
2299,3750
2300,4375
2301,4125
2302,3958
2303,3709
2304,3833
2305,3708
2306,3959
2307,3792
2308,4417
2309,3750
2310,3792
2311,3667
2312,3708
2313,3875
2314,3709
2315,3791
2316,4625
2317,3917
2318,3833
2319,3709
2320,3750
2321,3709
2322,3750
2323,3750
2324,4500
2325,3875
2326,3791
2327,4166
2328,4083
2329,3875
2330,3750
2331,3750
2332,3750
2333,4500
2334,3750
2335,3791
2336,4208
2337,3750
2338,3792
2339,4000
2340,3708
2341,4292
2342,3709
2343,3833
2344,3792
2345,3792
2346,3708
2347,3834
2348,3875
2349,4583
2350,4000
2351,4042
2352,3833
2353,4250
2354,4500
2355,4708
2356,4333
2357,4750
2358,3791
2359,3792
2360,3708
2361,3708
2362,3750
2363,3667
2364,3750
2365,4583
2366,3792
2367,3709
2368,3709
2369,3708
2370,3709
2371,3750
2372,3709
2373,3708
2374,4375
2375,3750
2376,4166
2377,3709
2378,3708
2379,3708
2380,3750
2381,4250
2382,4834
2383,3750
2384,4250
2385,3875
2386,3792
2387,3958
2388,3833
2389,3917
2390,4416
2391,3959
2392,3833
2393,3750
2394,3708
2395,3833
2396,3709
2397,3708
2398,4209
2399,3917
2400,3708
2401,3709
2402,3750
2403,3750
2404,3750
2405,3791
2406,4458
2407,4250
2408,3917
2409,4167
2410,4125
2411,3834
2412,4292
2413,3917
2414,4292
2415,4084
2416,4000
2417,3833
2418,3875
2419,4166
2420,3917
2421,4042
2422,3833
2423,4625
2424,3958
2425,3750
2426,4000
2427,3833
2428,3709
2429,3917
2430,3792
2431,4750
2432,3834
2433,3792
2434,3959
2435,3750
2436,3750
2437,3750
2438,3833
2439,4584
2440,4042
2441,3750
2442,3750
2443,3750
2444,3708
2445,3750
2446,3750
2447,4417
2448,3709
2449,3708
2450,3708
2451,3709
2452,3708
2453,3750
2454,3667
2455,4250
2456,4375
2457,3750
2458,3916
2459,3708
2460,3792
2461,4083
2462,4250
2463,3709
2464,4458
2465,3750
2466,3708
2467,4000
2468,3708
2469,4042
2470,3834
2471,3750
2472,4417
2473,4000
2474,3917
2475,4500
2476,4000
2477,4000
2478,3875
2479,3708
2480,4583
2481,3875
2482,4000
2483,3750
2484,3750
2485,3958
2486,3709
2487,4125
2488,4375
2489,3750
2490,3750
2491,3709
2492,3750
2493,3708
2494,3750
2495,3750
2496,4250
2497,3917
2498,3708
2499,3709
2500,3833
2501,3708
2502,3708
2503,3709
2504,3709
2505,4333
2506,3667
2507,3708
2508,3750
2509,3750
2510,3708
2511,3708
2512,3708
2513,4250
2514,3750
2515,4334
2516,4250
2517,3958
2518,3709
2519,3833
2520,3958
2521,4625
2522,3709
2523,4375
2524,4000
2525,3750
2526,3750
2527,3708
2528,3708
2529,4333
2530,4000
2531,3708
2532,3708
2533,3709
2534,3750
2535,3750
2536,3791
2537,4458
2538,3709
2539,3708
2540,3708
2541,3750
2542,3750
2543,3708
2544,3666
2545,3709
2546,4250
2547,3709
2548,3708
2549,3791
2550,3708
2551,3708
2552,3708
2553,3959
2554,4500
2555,3792
2556,3750
2557,3666
2558,3709
2559,3667
2560,3750
2561,3750
2562,4209
2563,3666
2564,3709
2565,3708
2566,3709
2567,3708
2568,4000
2569,3792
2570,4500
2571,4125
2572,4333
2573,3709
2574,3875
2575,3667
2576,3666
2577,3750
2578,4583
2579,3875
2580,3708
2581,3834
2582,3750
2583,3708
2584,3708
2585,3709
2586,3708
2587,4250
2588,3708
2589,3709
2590,3708
2591,3917
2592,3667
2593,3708
2594,3792
2595,4459
2596,3875
2597,4208
2598,3750
2599,3667
2600,3667
2601,3709
2602,3958
2603,4542
2604,3833
2605,3708
2606,3708
2607,3709
2608,3750
2609,4666
2610,3750
2611,4542
2612,3708
2613,3916
2614,3708
2615,4000
2616,3708
2617,3834
2618,3708
2619,4291
2620,3709
2621,3708
2622,3709
2623,3708
2624,3959
2625,3750
2626,3708
2627,4166
2628,3958
2629,3708
2630,3834
2631,4000
2632,3750
2633,3709
2634,3958
2635,3750
2636,4250
2637,4208
2638,3750
2639,3708
2640,3791
2641,3833
2642,3792
2643,3833
2644,4291
2645,3750
2646,4000
2647,3875
2648,3791
2649,3833
2650,3708
2651,3875
2652,4625
2653,4250
2654,4000
2655,3750
2656,3709
2657,3708
2658,4042
2659,3708
2660,4500
2661,3750
2662,3750
2663,3917
2664,4000
2665,3750
2666,3875
2667,3750
2668,4375
2669,3833
2670,3750
2671,3750
2672,3750
2673,3667
2674,4083
2675,4083
2676,3708
2677,4583
2678,3833
2679,3958
2680,3917
2681,3750
2682,3666
2683,3708
2684,3708
2685,4458
2686,4041
2687,3833
2688,3709
2689,4000
2690,3708
2691,3750
2692,3875
2693,4417
2694,3834
2695,3708
2696,3750
2697,3708
2698,3709
2699,3708
2700,3750
2701,4333
2702,4000
2703,3958
2704,3750
2705,3791
2706,4000
2707,3708
2708,3792
2709,4750
2710,3916
2711,3708
2712,4084
2713,3750
2714,3667
2715,3791
2716,3708
2717,3875
2718,4875
2719,3917
2720,3666
2721,3750
2722,4042
2723,4208
2724,3709
2725,3750
2726,4541
2727,3708
2728,3709
2729,3708
2730,3792
2731,3709
2732,3750
2733,3709
2734,4417
2735,3750
2736,3667
2737,3708
2738,4000
2739,3708
2740,3708
2741,3708
2742,4375
2743,3708
2744,4083
2745,3750
2746,3708
2747,3917
2748,3709
2749,3792
2750,4541
2751,4084
2752,3875
2753,3708
2754,3917
2755,3709
2756,3916
2757,3958
2758,3667
2759,4291
2760,3666
2761,3750
2762,3792
2763,3833
2764,3958
2765,4000
2766,4083
2767,4417
2768,3667
2769,3750
2770,3958
2771,3709
2772,3750
2773,3834
2774,3792
2775,4333
2776,3916
2777,3833
2778,3750
2779,3959
2780,3792
2781,3958
2782,3709
2783,4708
2784,3708
2785,4000
2786,3875
2787,3958
2788,3708
2789,3791
2790,3833
2791,4667
2792,3958
2793,3709
2794,3708
2795,3750
2796,3750
2797,3833
2798,3708
2799,3875
2800,4416
2801,3709
2802,3708
2803,3708
2804,3708
2805,3708
2806,3667
2807,3750
2808,4250
2809,3833
2810,3959
2811,3708
2812,3750
2813,3750
2814,3750
2815,3750
2816,4292
2817,3750
2818,4000
2819,3875
2820,3750
2821,3750
2822,3708
2823,3916
2824,4291
2825,3708
2826,3709
2827,3708
2828,3750
2829,3750
2830,3750
2831,3666
2832,4375
2833,3709
2834,4167
2835,4334
2836,3708
2837,3750
2838,3875
2839,3709
2840,4292
2841,4000
2842,3833
2843,3709
2844,3708
2845,4000
2846,3708
2847,3959
2848,3666
2849,4333
2850,3708
2851,3750
2852,3667
2853,3708
2854,3958
2855,3709
2856,3667
2857,4292
2858,3750
2859,3709
2860,3708
2861,3709
2862,3667
2863,3750
2864,3708
2865,4334
2866,3708
2867,3916
2868,3667
2869,3709
2870,3708
2871,3708
2872,3708
2873,4333
2874,3708
2875,3750
2876,3792
2877,3709
2878,3792
2879,3708
2880,3750
2881,4334
2882,3833
2883,4000
2884,3750
2885,4000
2886,3667
2887,3917
2888,3958
2889,3708
2890,4375
2891,3958
2892,4084
2893,3792
2894,4000
2895,3708
2896,4000
2897,3708
2898,4708
2899,3750
2900,3708
2901,3875
2902,3792
2903,4042
2904,3750
2905,3667
2906,4375
2907,3708
2908,3709
2909,3708
2910,3750
2911,3709
2912,3875
2913,3917
2914,4583
2915,4166
2916,3708
2917,3750
2918,3917
2919,3917
2920,4042
2921,3750
2922,4417
2923,3708
2924,3875
2925,3708
2926,3958
2927,3875
2928,3750
2929,3750
2930,3958
2931,4208
2932,3708
2933,3833
2934,3709
2935,4125
2936,3875
2937,3875
2938,3708
2939,4458
2940,3708
2941,3958
2942,3792
2943,3917
2944,3750
2945,3875
2946,3791
2947,4375
2948,3750
2949,3750
2950,3709
2951,3708
2952,4000
2953,3875
2954,3708
2955,4458
2956,3750
2957,3709
2958,3750
2959,3750
2960,3750
2961,3708
2962,3750
2963,4708
2964,3916
2965,3916
2966,4000
2967,3792
2968,3709
2969,3708
2970,3708
2971,3708
2972,4250
2973,3750
2974,3708
2975,3709
2976,3708
2977,3791
2978,4167
2979,3708
2980,4291
2981,3750
2982,3666
2983,3750
2984,3875
2985,3791
2986,3750
2987,3750
2988,4375
2989,3917
2990,3750
2991,3708
2992,3750
2993,3666
2994,3959
2995,3708
2996,4542
2997,3875
2998,3709
2999,3791
3000,3708
3001,3916
3002,3667
3003,3708
3004,4375
3005,3708
3006,3750
3007,3750
3008,3709
3009,3708
3010,3709
3011,3750
3012,4041
3013,4292
3014,4292
3015,3833
3016,3917
3017,3917
3018,3709
3019,3667
3020,3750
3021,4542
3022,3667
3023,3959
3024,3708
3025,3709
3026,3916
3027,3917
3028,3667
3029,4458
3030,3708
3031,3958
3032,3666
3033,3750
3034,3625
3035,3875
3036,3792
3037,4583
3038,3750
3039,3875
3040,3667
3041,3792
3042,3750
3043,3833
3044,3667
3045,4750
3046,4000
3047,3958
3048,3792
3049,3792
3050,3709
3051,4084
3052,4167
3053,4166
3054,3959
3055,3875
3056,3666
3057,3708
3058,3792
3059,3750
3060,3917
3061,4000
3062,4333
3063,3709
3064,4583
3065,3666
3066,3958
3067,3875
3068,3750
3069,3875
3070,4458
3071,4041
3072,3709
3073,3833
3074,4083
3075,3834
3076,3708
3077,3834
3078,4583
3079,3750
3080,3958
3081,3709
3082,4041
3083,3792
3084,3792
3085,3958
3086,4625
3087,3708
3088,3875
3089,4084
3090,3833
3091,3917
3092,3916
3093,3875
3094,4166
3095,3875
3096,3750
3097,3708
3098,4083
3099,3792
3100,3750
3101,3750
3102,3708
3103,4291
3104,4000
3105,3708
3106,4209
3107,3709
3108,3917
3109,3750
3110,3916
3111,4292
3112,3750
3113,3750
3114,3708
3115,3708
3116,4000
3117,3667
3118,3708
3119,4333
3120,3750
3121,4125
3122,3750
3123,3750
3124,3708
3125,4417
3126,3750
3127,3750
3128,3791
3129,3791
3130,4125
3131,4750
3132,3750
3133,3875
3134,3708
3135,4084
3136,3709
3137,3708
3138,3875
3139,4333
3140,3709
3141,3708
3142,3833
3143,3708
3144,4000
3145,3833
3146,3708
3147,4292
3148,4125
3149,4125
3150,3709
3151,3750
3152,3709
3153,3708
3154,3708
3155,3750
3156,4458
3157,3875
3158,3667
3159,3792
3160,3834
3161,3917
3162,4083
3163,3750
3164,5167
3165,3792
3166,3875
3167,3875
3168,3834
3169,3917
3170,3875
3171,4292
3172,4833
3173,3666
3174,3750
3175,3958
3176,4000
3177,3708
3178,3750
3179,4083
3180,4667
3181,3750
3182,4250
3183,3875
3184,3708
3185,4250
3186,3792
3187,3792
3188,4375
3189,4125
3190,3833
3191,4000
3192,4125
3193,3708
3194,3792
3195,4000
3196,4250
3197,4666
3198,4166
3199,3875
3200,4125
3201,4042
3202,3792
3203,3792
3204,4250
3205,5292
3206,4209
3207,4500
3208,3709
3209,3959
3210,3792
3211,3666
3212,3792
3213,4375
3214,3791
3215,3959
3216,3708
3217,3750
3218,3709
3219,3750
3220,3875
3221,4500
3222,3792
3223,4333
3224,4292
3225,4083
3226,3750
3227,3833
3228,4000
3229,4333
3230,4083
3231,3916
3232,3750
3233,3875
3234,4125
3235,3792
3236,3792
3237,3750
3238,4667
3239,4167
3240,3875
3241,3625
3242,3708
3243,3875
3244,3833
3245,3708
3246,4417
3247,3958
3248,3709
3249,3708
3250,3750
3251,3875
3252,3708
3253,4041
3254,4209
3255,3917
3256,3708
3257,3667
3258,3667
3259,3708
3260,7209
3261,3708
3262,4542
3263,3667
3264,3709
3265,3709
3266,3708
3267,3708
3268,3667
3269,3709
3270,4333
3271,3917
3272,3791
3273,3917
3274,3750
3275,3667
3276,3958
3277,3708
3278,4083
3279,3958
3280,3708
3281,3708
3282,3708
3283,4083
3284,3959
3285,3666
3286,3709
3287,4375
3288,3792
3289,3709
3290,4042
3291,3750
3292,3667
3293,3750
3294,3666
3295,4375
3296,3708
3297,3792
3298,3709
3299,3708
3300,3666
3301,3709
3302,3708
3303,4792
3304,3792
3305,3750
3306,3750
3307,3750
3308,3875
3309,3750
3310,3709
3311,4333
3312,3709
3313,3791
3314,3708
3315,4042
3316,3709
3317,3833
3318,3667
3319,4208
3320,3917
3321,4000
3322,3875
3323,4125
3324,3917
3325,3958
3326,4083
3327,3917
3328,5042
3329,3833
3330,3708
3331,4166
3332,3667
3333,3875
3334,3834
3335,3708
3336,4458
3337,3792
3338,3833
3339,3791
3340,3917
3341,3959
3342,3708
3343,3750
3344,4375
3345,3708
3346,3791
3347,3750
3348,3833
3349,3750
3350,3709
3351,3708
3352,4583
3353,3708
3354,3792
3355,3709
3356,3916
3357,3750
3358,3750
3359,3750
3360,4250
3361,3709
3362,3791
3363,3750
3364,3708
3365,3750
3366,3750
3367,3708
3368,3750
3369,4417
3370,3750
3371,3750
3372,3958
3373,3959
3374,3792
3375,3708
3376,3708
3377,4625
3378,3916
3379,3750
3380,3750
3381,4000
3382,3750
3383,4083
3384,3875
3385,4334
3386,3708
3387,4209
3388,3709
3389,3791
3390,3792
3391,3666
3392,4042
3393,4792
3394,3708
3395,3750
3396,3709
3397,3792
3398,3750
3399,3709
3400,3708
3401,4250
3402,3708
3403,3750
3404,4125
3405,4166
3406,3791
3407,3708
3408,3709
3409,3750
3410,4375
3411,3709
3412,4000
3413,3750
3414,3750
3415,3708
3416,3750
3417,3750
3418,4583
3419,4000
3420,3792
3421,3750
3422,3958
3423,3708
3424,3708
3425,3667
3426,4292
3427,3709
3428,3833
3429,3875
3430,3958
3431,4042
3432,3792
3433,3709
3434,5125
3435,3791
3436,4167
3437,4042
3438,3959
3439,4292
3440,4292
3441,3708
3442,4583
3443,3958
3444,4333
3445,4208
3446,4834
3447,3959
3448,3709
3449,3833
3450,3959
3451,4833
3452,3958
3453,3792
3454,3708
3455,4208
3456,3750
3457,3917
3458,3708
3459,4459
3460,3750
3461,4042
3462,3708
3463,3709
3464,3750
3465,3792
3466,3917
3467,4292
3468,4042
3469,4125
3470,4041
3471,3958
3472,4042
3473,3792
3474,3667
3475,4333
3476,3750
3477,3875
3478,3792
3479,4041
3480,3958
3481,3750
3482,3750
3483,4458
3484,3666
3485,4083
3486,3750
3487,3958
3488,3708
3489,3750
3490,4000
3491,4208
3492,4416
3493,3875
3494,3833
3495,3792
3496,3750
3497,3833
3498,3750
3499,3792
3500,4500
3501,3708
3502,3792
3503,3750
3504,3875
3505,3834
3506,3709
3507,3958
3508,4416
3509,3709
3510,3750
3511,4000
3512,3833
3513,3833
3514,4500
3515,3875
3516,4583
3517,3750
3518,3917
3519,3750
3520,3834
3521,3709
3522,3875
3523,3834
3524,4542
3525,4000
3526,4084
3527,3708
3528,3834
3529,3708
3530,3833
3531,3792
3532,4292
3533,3959
3534,3834
3535,3708
3536,3709
3537,3750
3538,3750
3539,3708
3540,3709
3541,4375
3542,3833
3543,3834
3544,3875
3545,3750
3546,3709
3547,3708
3548,4084
3549,4375
3550,3833
3551,3792
3552,3917
3553,3875
3554,3917
3555,3833
3556,3750
3557,4417
3558,3917
3559,3958
3560,3709
3561,3750
3562,4083
3563,3833
3564,3750
3565,4417
3566,4000
3567,4166
3568,3917
3569,3875
3570,3833
3571,3959
3572,3708
3573,4250
3574,3750
3575,3708
3576,3917
3577,3834
3578,3958
3579,3708
3580,3834
3581,3834
3582,4334
3583,3708
3584,4083
3585,3750
3586,3708
3587,3833
3588,3958
3589,3708
3590,4292
3591,3875
3592,3709
3593,3791
3594,3750
3595,3708
3596,3750
3597,3708
3598,4292
3599,3708
3600,3709
3601,3750
3602,3750
3603,3959
3604,3750
3605,4000
3606,4334
3607,3708
3608,3709
3609,3833
3610,3875
3611,3708
3612,4000
3613,3750
3614,4333
3615,3791
3616,3750
3617,3750
3618,3750
3619,3708
3620,3708
3621,3792
3622,3792
3623,4417
3624,3875
3625,3709
3626,3750
3627,3708
3628,3791
3629,3708
3630,3792
3631,4333
3632,3750
3633,3792
3634,4083
3635,4334
3636,3708
3637,3917
3638,3791
3639,4291
3640,3708
3641,3916
3642,3791
3643,3750
3644,3916
3645,3791
3646,3833
3647,4875
3648,3750
3649,3750
3650,3709
3651,3917
3652,3708
3653,4083
3654,3875
3655,4834
3656,3708
3657,3833
3658,4084
3659,3750
3660,3708
3661,3750
3662,3708
3663,3667
3664,4250
3665,3708
3666,3959
3667,3750
3668,3709
3669,3750
3670,3750
3671,3834
3672,4459
3673,4125
3674,3792
3675,3708
3676,3916
3677,4042
3678,3792
3679,3708
3680,4459
3681,3708
3682,3875
3683,3833
3684,3708
3685,3875
3686,3833
3687,3750
3688,4416
3689,4125
3690,4250
3691,4041
3692,4000
3693,3750
3694,3750
3695,3708
3696,4542
3697,3875
3698,4000
3699,3833
3700,4083
3701,3792
3702,3916
3703,4166
3704,4416
3705,4084
3706,3792
3707,3833
3708,3959
3709,3875
3710,3833
3711,4375
3712,3750
3713,4500
3714,4417
3715,3750
3716,3709
3717,3750
3718,3708
3719,3833
3720,3833
3721,4417
3722,3875
3723,3792
3724,3708
3725,3709
3726,3708
3727,3709
3728,3750
3729,4292
3730,3708
3731,3792
3732,3791
3733,3833
3734,3750
3735,4209
3736,3750
3737,4417
3738,3667
3739,3708
3740,3750
3741,3917
3742,3792
3743,3750
3744,3750
3745,4209
3746,3916
3747,4209
3748,3958
3749,3709
3750,3792
3751,3750
3752,3792
3753,3750
3754,4417
3755,3708
3756,3708
3757,3708
3758,3750
3759,3625
3760,3917
3761,3833
3762,4375
3763,3750
3764,3958
3765,3708
3766,3792
3767,3833
3768,3708
3769,3750
3770,4709
3771,3833
3772,3958
3773,3667
3774,3791
3775,3708
3776,3750
3777,3791
3778,4458
3779,3750
3780,3750
3781,3833
3782,3709
3783,3750
3784,3833
3785,3833
3786,4625
3787,3792
3788,3792
3789,3708
3790,3833
3791,4000
3792,3875
3793,3875
3794,3750
3795,4333
3796,3709
3797,4583
3798,3916
3799,3959
3800,4042
3801,4292
3802,4291
3803,5083
3804,3833
3805,3750
3806,4875
3807,5000
3808,4042
3809,3750
3810,3708
3811,4458
3812,4000
3813,3709
3814,4166
3815,3750
3816,3959
3817,4500
3818,4708
3819,4583
3820,3875
3821,3750
3822,3875
3823,3750
3824,3667
3825,3709
3826,3750
3827,4375
3828,4125
3829,3792
3830,3708
3831,3709
3832,3750
3833,3708
3834,3750
3835,4042
3836,4375
3837,3709
3838,3750
3839,3709
3840,3708
3841,3708
3842,3834
3843,3750
3844,4292
3845,3792
3846,3833
3847,3750
3848,3666
3849,3708
3850,4000
3851,3834
3852,4208
3853,3750
3854,3917
3855,3708
3856,3750
3857,3708
3858,4000
3859,3833
3860,4250
3861,3708
3862,3750
3863,3917
3864,3958
3865,3667
3866,3834
3867,3750
3868,4250
3869,3875
3870,3958
3871,3875
3872,3750
3873,3875
3874,4125
3875,3917
3876,3708
3877,4250
3878,3833
3879,4042
3880,4375
3881,3708
3882,3959
3883,3875
3884,4209
3885,4500
3886,3916
3887,4166
3888,3750
3889,3792
3890,3833
3891,3791
3892,3708
3893,4625
3894,3833
3895,3917
3896,4250
3897,4041
3898,3834
3899,3917
3900,3875
3901,4875
3902,3875
3903,3917
3904,4667
3905,3792
3906,3917
3907,3834
3908,3917
3909,4458
3910,3958
3911,3917
3912,4167
3913,4250
3914,4083
3915,3791
3916,3875
3917,4708
3918,4041
3919,3916
3920,3916
3921,3791
3922,3958
3923,3834
3924,3875
3925,3875
3926,4417
3927,3875
3928,4000
3929,4250
3930,3917
3931,3875
3932,4167
3933,4208
3934,4375
3935,3916
3936,3708
3937,3833
3938,3875
3939,3875
3940,4000
3941,3750
3942,4500
3943,3875
3944,4167
3945,3917
3946,3792
3947,3916
3948,4291
3949,3833
3950,4875
3951,4125
3952,4000
3953,3875
3954,4417
3955,3708
3956,3917
3957,3917
3958,4417
3959,3875
3960,3833
3961,3875
3962,3708
3963,3833
3964,3792
3965,4125
3966,3917
3967,4541
3968,3875
3969,3916
3970,4250
3971,3875
3972,3833
3973,3916
3974,3875
3975,4875
3976,3833
3977,3958
3978,4125
3979,3833
3980,3667
3981,3917
3982,3750
3983,4417
3984,3750
3985,3750
3986,3750
3987,3791
3988,3875
3989,3792
3990,3750
3991,4542
3992,3833
3993,3708
3994,3750
3995,3875
3996,3709
3997,3875
3998,3709
3999,4292
4000,3750
4001,3750
4002,3708
4003,3959
4004,3708
4005,3709
4006,3750
4007,3709
4008,4375
4009,3750
4010,3709
4011,3792
4012,3750
4013,3708
4014,3875
4015,3750
4016,4500
4017,3708
4018,4000
4019,3750
4020,3833
4021,3708
4022,3750
4023,3833
4024,4500
4025,3833
4026,3959
4027,4292
4028,4291
4029,4083
4030,3917
4031,4042
4032,4292
4033,4000
4034,3959
4035,4125
4036,3875
4037,3834
4038,3875
4039,4041
4040,5458
4041,4083
4042,4125
4043,3875
4044,4250
4045,3708
4046,4166
4047,4416
4048,4292
4049,4625
4050,4417
4051,3750
4052,3667
4053,3792
4054,3708
4055,3875
4056,3709
4057,4458
4058,3708
4059,4084
4060,3667
4061,3750
4062,3708
4063,3750
4064,3708
4065,4375
4066,3958
4067,3667
4068,3750
4069,3708
4070,3916
4071,4459
4072,4250
4073,4584
4074,3875
4075,3708
4076,4333
4077,3875
4078,3958
4079,3708
4080,3834
4081,4666
4082,4125
4083,3917
4084,3792
4085,3709
4086,4333
4087,3791
4088,3708
4089,4250
4090,4209
4091,3958
4092,3875
4093,3792
4094,3916
4095,3667
4096,3709
4097,3666
4098,4250
4099,3709
4100,3833
4101,3750
4102,3958
4103,3792
4104,3833
4105,3750
4106,4250
4107,3708
4108,3708
4109,3875
4110,3833
4111,3667
4112,3708
4113,3709
4114,4416
4115,3834
4116,3750
4117,3709
4118,3708
4119,4083
4120,3833
4121,3709
4122,4333
4123,3958
4124,3791
4125,3750
4126,3875
4127,3750
4128,3917
4129,3875
4130,4209
4131,4000
4132,3750
4133,4208
4134,3750
4135,4000
4136,3917
4137,3750
4138,3709
4139,4291
4140,3708
4141,3750
4142,4125
4143,3833
4144,3750
4145,3708
4146,3708
4147,4458
4148,3750
4149,3750
4150,3708
4151,3750
4152,3833
4153,3750
4154,3875
4155,4583
4156,3709
4157,4000
4158,3958
4159,3708
4160,3833
4161,3750
4162,3708
4163,4292
4164,3750
4165,3750
4166,3750
4167,4125
4168,4000
4169,3875
4170,4167
4171,4625
4172,4084
4173,3709
4174,3750
4175,3708
4176,3792
4177,3709
4178,3708
4179,3750
4180,4333
4181,3792
4182,3959
4183,3958
4184,3791
4185,3708
4186,3667
4187,3708
4188,4500
4189,3708
4190,3916
4191,3750
4192,3708
4193,3750
4194,3958
4195,3959
4196,4750
4197,3750
4198,3750
4199,3917
4200,4083
4201,3750
4202,3750
4203,3750
4204,4375
4205,3917
4206,3958
4207,3666
4208,3708
4209,3792
4210,3708
4211,3917
4212,4292
4213,4000
4214,3833
4215,3750
4216,3750
4217,3750
4218,3750
4219,3666
4220,3750
4221,4416
4222,3958
4223,3709
4224,3833
4225,3708
4226,3833
4227,4083
4228,3750
4229,4250
4230,3792
4231,3750
4232,3958
4233,3750
4234,3750
4235,3709
4236,3917
4237,4542
4238,3708
4239,3708
4240,3750
4241,3750
4242,3750
4243,3833
4244,3709
4245,4333
4246,3917
4247,4209
4248,3750
4249,3833
4250,3708
4251,4000
4252,3709
4253,4375
4254,3917
4255,3833
4256,3750
4257,3792
4258,3917
4259,3833
4260,3750
4261,3792
4262,4250
4263,4083
4264,3667
4265,3667
4266,3917
4267,3834
4268,3875
4269,3750
4270,4542
4271,3792
4272,3750
4273,3833
4274,3959
4275,3833
4276,3750
4277,3792
4278,4292
4279,4000
4280,3792
4281,3709
4282,3875
4283,3792
4284,3958
4285,4208
4286,4667
4287,3833
4288,3750
4289,3708
4290,3750
4291,3708
4292,3750
4293,3875
4294,4375
4295,3708
4296,3791
4297,3792
4298,3917
4299,3708
4300,4000
4301,3750
4302,4083
4303,4166
4304,4125
4305,3708
4306,3708
4307,3708
4308,3708
4309,3750
4310,3916
4311,4208
4312,3875
4313,3709
4314,3750
4315,3792
4316,3750
4317,3792
4318,3833
4319,4500
4320,3833
4321,3833
4322,3709
4323,3708
4324,3708
4325,3750
4326,3750
4327,4458
4328,4041
4329,4000
4330,4042
4331,3791
4332,3750
4333,3666
4334,3791
4335,4375
4336,3750
4337,4000
4338,3958
4339,3833
4340,3708
4341,3750
4342,3750
4343,4291
4344,4000
4345,3875
4346,3958
4347,3708
4348,4042
4349,3833
4350,3792
4351,3708
4352,4125
4353,3708
4354,3667
4355,3875
4356,3708
4357,3750
4358,3833
4359,4000
4360,4542
4361,3833
4362,3708
4363,3792
4364,3750
4365,3708
4366,3834
4367,3792
4368,4708
4369,3750
4370,3875
4371,3750
4372,3834
4373,3709
4374,3792
4375,3917
4376,4417
4377,3708
4378,3792
4379,3875
4380,3792
4381,3792
4382,3750
4383,3709
4384,4291
4385,4208
4386,4083
4387,3750
4388,3750
4389,3708
4390,4084
4391,4250
4392,3709
4393,4375
4394,3834
4395,3917
4396,3708
4397,3833
4398,3750
4399,3708
4400,3833
4401,4417
4402,3708
4403,3709
4404,4083
4405,3750
4406,3708
4407,4125
4408,4292
4409,4459
4410,3791
4411,4042
4412,3750
4413,3791
4414,3916
4415,3833
4416,3750
4417,4292
4418,3750
4419,4041
4420,3750
4421,4000
4422,3750
4423,4041
4424,3708
4425,4375
4426,3750
4427,3750
4428,3708
4429,3708
4430,3791
4431,3708
4432,3750
4433,3709
4434,4334
4435,3833
4436,3708
4437,3709
4438,3708
4439,3916
4440,3833
4441,3750
4442,4375
4443,3833
4444,3917
4445,3708
4446,3750
4447,3833
4448,3709
4449,3833
4450,4375
4451,4167
4452,3709
4453,3708
4454,4000
4455,3708
4456,3750
4457,3792
4458,4667
4459,3791
4460,3709
4461,3792
4462,3750
4463,3708
4464,3708
4465,3791
4466,4250
4467,3750
4468,3792
4469,3708
4470,3708
4471,3750
4472,3750
4473,3958
4474,3917
4475,4292
4476,3958
4477,3708
4478,3709
4479,4000
4480,3708
4481,3750
4482,3750
4483,4416
4484,3709
4485,3750
4486,4292
4487,4625
4488,3750
4489,3709
4490,4083
4491,4375
4492,3750
4493,4166
4494,3708
4495,3875
4496,3875
4497,3875
4498,3958
4499,7084
4500,6333
4501,5500
4502,5750
4503,4917
4504,3708
4505,3708
4506,3709
4507,4500
4508,4041
4509,3708
4510,3750
4511,3667
4512,3750
4513,3708
4514,3708
4515,4125
4516,3916
4517,3791
4518,3667
4519,4000
4520,3750
4521,3708
4522,3750
4523,3834
4524,4459
4525,3750
4526,3791
4527,4125
4528,4042
4529,4042
4530,3750
4531,3750
4532,4292
4533,3708
4534,3750
4535,3750
4536,3750
4537,3708
4538,3708
4539,3750
4540,4333
4541,3875
4542,3750
4543,3750
4544,3709
4545,3709
4546,3708
4547,3708
4548,4417
4549,3750
4550,4000
4551,3875
4552,3791
4553,3750
4554,3958
4555,3708
4556,4333
4557,3792
4558,3792
4559,3917
4560,3792
4561,3708
4562,3709
4563,3750
4564,3708
4565,4416
4566,3750
4567,3708
4568,3750
4569,3750
4570,4042
4571,3708
4572,3709
4573,4292
4574,3750
4575,3750
4576,3708
4577,3750
4578,3750
4579,3750
4580,3750
4581,4417
4582,3709
4583,3708
4584,3750
4585,3750
4586,3792
4587,3708
4588,3750
4589,4291
4590,3708
4591,3833
4592,3709
4593,3791
4594,3708
4595,3709
4596,3708
4597,4333
4598,3750
4599,3750
4600,3750
4601,3709
4602,3750
4603,3709
4604,3750
4605,4208
4606,4459
4607,4500
4608,3709
4609,3750
4610,4125
4611,3833
4612,3791
4613,4417
4614,4583
4615,3667
4616,4083
4617,4000
4618,4000
4619,3792
4620,4292
4621,3708
4622,4834
4623,3708
4624,3792
4625,3750
4626,3792
4627,3791
4628,4041
4629,3958
4630,4542
4631,3917
4632,3958
4633,3708
4634,4250
4635,3750
4636,3750
4637,3917
4638,5000
4639,3916
4640,3875
4641,3834
4642,4083
4643,3875
4644,4208
4645,3958
4646,4000
4647,4500
4648,3708
4649,3958
4650,3834
4651,3875
4652,3708
4653,3750
4654,3791
4655,4583
4656,3709
4657,3875
4658,4041
4659,3709
4660,3750
4661,3708
4662,3834
4663,4583
4664,3958
4665,3792
4666,3833
4667,3708
4668,3709
4669,3708
4670,3750
4671,4458
4672,3708
4673,3709
4674,3708
4675,3833
4676,3875
4677,3708
4678,4000
4679,4542
4680,3750
4681,3750
4682,4000
4683,4542
4684,3708
4685,3750
4686,3833
4687,3750
4688,4500
4689,3709
4690,3750
4691,3750
4692,3792
4693,4000
4694,3750
4695,3709
4696,4292
4697,3708
4698,3917
4699,3750
4700,3709
4701,3792
4702,3708
4703,3750
4704,4375
4705,3750
4706,3792
4707,3750
4708,3917
4709,3708
4710,3750
4711,3708
4712,4667
4713,3709
4714,3750
4715,3833
4716,3709
4717,3708
4718,4041
4719,3709
4720,4333
4721,3791
4722,3917
4723,3917
4724,3959
4725,3708
4726,3709
4727,3750
4728,4417
4729,4250
4730,3709
4731,3708
4732,3750
4733,3708
4734,3709
4735,3708
4736,3709
4737,4333
4738,3709
4739,3708
4740,3709
4741,3708
4742,3750
4743,3750
4744,3750
4745,4583
4746,3750
4747,3750
4748,3708
4749,3791
4750,3833
4751,3750
4752,3875
4753,4500
4754,3750
4755,3750
4756,4083
4757,3959
4758,3708
4759,4041
4760,3750
4761,4375
4762,3750
4763,3833
4764,3958
4765,3750
4766,3708
4767,3916
4768,4041
4769,4375
4770,4083
4771,4084
4772,3792
4773,3750
4774,3750
4775,3916
4776,3708
4777,3750
4778,4333
4779,3708
4780,3750
4781,3958
4782,3709
4783,3708
4784,3709
4785,3708
4786,4292
4787,3750
4788,3708
4789,3708
4790,3709
4791,3708
4792,3708
4793,3750
4794,4791
4795,3709
4796,3917
4797,4000
4798,3750
4799,3916
4800,3791
4801,3958
4802,4417
4803,3834
4804,3750
4805,3750
4806,4167
4807,4000
4808,3792
4809,3709
4810,4417
4811,3792
4812,3709
4813,3666
4814,3959
4815,3708
4816,3792
4817,3709
4818,3792
4819,4334
4820,3833
4821,3750
4822,3834
4823,3667
4824,3708
4825,3750
4826,3708
4827,4291
4828,3750
4829,3834
4830,3792
4831,3709
4832,4083
4833,3708
4834,3708
4835,4791
4836,3708
4837,3834
4838,3959
4839,3667
4840,3708
4841,3833
4842,3667
4843,4459
4844,3708
4845,3917
4846,3917
4847,4250
4848,4500
4849,3750
4850,3791
4851,4208
4852,3875
4853,3875
4854,3709
4855,3750
4856,3875
4857,3750
4858,3833
4859,3708
4860,4250
4861,3958
4862,3750
4863,4041
4864,3750
4865,3708
4866,3750
4867,3875
4868,4334
4869,3708
4870,3791
4871,3791
4872,3958
4873,3958
4874,3959
4875,3666
4876,4458
4877,4000
4878,3750
4879,4000
4880,4083
4881,3708
4882,3833
4883,3875
4884,4417
4885,3666
4886,3750
4887,4084
4888,3708
4889,3750
4890,3750
4891,3875
4892,4375
4893,4167
4894,3959
4895,3792
4896,4208
4897,3750
4898,3791
4899,3708
4900,3834
4901,4417
4902,3667
4903,3708
4904,3750
4905,3750
4906,3792
4907,3750
4908,3708
4909,4416
4910,3833
4911,3917
4912,4167
4913,3792
4914,3708
4915,4041
4916,3791
4917,4250
4918,3708
4919,3791
4920,3833
4921,3708
4922,3834
4923,3709
4924,3666
4925,4500
4926,3708
4927,3792
4928,3750
4929,3708
4930,3709
4931,3708
4932,3708
4933,4458
4934,3708
4935,3750
4936,3750
4937,4042
4938,3750
4939,3750
4940,3708
4941,4083
4942,3917
4943,3709
4944,3708
4945,3708
4946,3709
4947,3833
4948,3916
4949,3750
4950,4208
4951,4042
4952,3791
4953,4000
4954,3917
4955,3708
4956,4000
4957,3958
4958,4458
4959,3709
4960,3708
4961,3792
4962,3750
4963,3916
4964,3750
4965,3708
4966,4375
4967,3750
4968,3959
4969,3750
4970,3750
4971,3708
4972,3750
4973,3708
4974,4750
4975,3667
4976,3750
4977,3709
4978,3792
4979,3708
4980,4042
4981,3709
4982,4542
4983,4083
4984,3750
4985,3708
4986,3750
4987,3792
4988,3750
4989,4000
4990,3708
4991,4334
4992,3750
4993,3750
4994,3750
4995,3750
4996,3917
4997,3750
4998,3709
4999,4291
5000,3750
5001,3791
5002,3709
5003,3708
5004,3708
5005,3709
5006,3708
5007,4375
5008,3792
5009,3792
5010,3750
5011,4000
5012,3708
5013,3709
5014,3750
5015,4458
5016,3750
5017,3750
5018,3958
5019,4125
5020,3750
5021,4041
5022,3792
5023,4375
5024,3750
5025,3917
5026,3875
5027,3709
5028,3750
5029,3708
5030,3792
5031,3750
5032,4208
5033,3750
5034,3750
5035,3708
5036,3833
5037,3750
5038,3875
5039,3750
5040,4250
5041,3708
5042,3792
5043,3708
5044,3708
5045,3708
5046,3875
5047,3917
5048,4541
5049,3750
5050,3750
5051,3750
5052,4083
5053,3750
5054,3875
5055,3792
5056,4334
5057,3708
5058,3875
5059,3708
5060,3750
5061,3708
5062,3833
5063,3791
5064,4375
5065,3959
5066,3833
5067,3833
5068,3834
5069,3709
5070,3708
5071,3709
5072,3708
5073,4292
5074,3709
5075,4000
5076,3833
5077,3750
5078,3750
5079,4042
5080,3709
5081,4250
5082,3750
5083,3834
5084,3792
5085,3750
5086,3833
5087,3875
5088,3834
5089,4459
5090,3708
5091,3708
5092,3750
5093,3709
5094,4042
5095,4042
5096,3750
5097,4417
5098,3792
5099,3708
5100,3708
5101,3708
5102,3750
5103,3708
5104,3709
5105,4458
5106,3958
5107,3792
5108,4000
5109,3834
5110,3708
5111,4000
5112,3750
5113,4000
5114,4083
5115,3709
5116,3875
5117,3958
5118,3709
5119,3666
5120,3750
5121,3708
5122,4375
5123,3750
5124,3791
5125,3708
5126,3708
5127,3750
5128,3750
5129,3750
5130,4541
5131,3833
5132,4000
5133,4083
5134,3750
5135,3709
5136,3708
5137,3875
5138,4375
5139,3958
5140,4083
5141,4208
5142,4084
5143,5083
5144,4208
5145,3792
5146,4625
5147,3750
5148,3917
5149,3667
5150,3958
5151,4041
5152,3875
5153,3708
5154,4042
5155,3875
5156,3750
5157,3708
5158,3875
5159,3708
5160,3709
5161,3792
5162,3833
5163,4291
5164,3959
5165,3709
5166,3875
5167,3833
5168,3833
5169,3667
5170,3708
5171,4375
5172,3666
5173,3750
5174,3792
5175,4000
5176,3792
5177,3792
5178,3750
5179,4375
5180,3750
5181,3750
5182,3708
5183,3833
5184,3834
5185,3833
5186,3917
5187,4667
5188,3792
5189,3834
5190,3833
5191,3792
5192,3833
5193,3667
5194,3750
5195,4209
5196,3958
5197,3958
5198,4000
5199,3750
5200,3709
5201,3708
5202,3709
5203,3708
5204,4166
5205,3709
5206,4000
5207,3750
5208,3709
5209,3917
5210,3959
5211,3708
5212,4291
5213,3708
5214,3833
5215,3833
5216,3750
5217,3792
5218,3792
5219,3708
5220,4625
5221,3750
5222,3750
5223,3917
5224,3708
5225,3792
5226,3750
5227,3709
5228,4292
5229,3750
5230,3750
5231,3959
5232,3750
5233,3708
5234,3750
5235,3750
5236,4250
5237,3792
5238,3750
5239,4042
5240,3750
5241,3708
5242,3750
5243,3750
5244,3666
5245,4250
5246,3750
5247,3709
5248,3750
5249,3708
5250,3833
5251,4042
5252,3750
5253,4209
5254,3750
5255,3959
5256,3750
5257,4083
5258,3709
5259,3708
5260,3833
5261,4583
5262,3834
5263,4000
5264,3792
5265,4000
5266,4000
5267,3917
5268,3833
5269,4458
5270,3917
5271,3959
5272,3750
5273,3750
5274,3834
5275,4083
5276,4000
5277,4583
5278,3750
5279,4083
5280,4166
5281,3709
5282,3792
5283,4000
5284,3750
5285,3833
5286,4292
5287,4042
5288,4417
5289,3750
5290,3792
5291,3709
5292,3708
5293,3709
5294,4417
5295,3750
5296,3709
5297,3708
5298,4000
5299,3791
5300,3750
5301,3708
5302,4375
5303,3708
5304,3791
5305,3750
5306,3750
5307,3708
5308,3750
5309,3917
5310,4417
5311,3708
5312,3750
5313,3958
5314,3708
5315,3750
5316,3708
5317,3709
5318,4375
5319,3750
5320,3792
5321,3709
5322,3875
5323,3708
5324,3708
5325,3750
5326,4000
5327,3917
5328,3750
5329,3750
5330,4000
5331,3709
5332,3750
5333,3709
5334,3791
5335,4458
5336,3709
5337,4125
5338,3959
5339,3750
5340,3959
5341,3958
5342,3666
5343,4375
5344,4083
5345,3958
5346,3750
5347,3750
5348,3709
5349,3750
5350,3708
5351,4500
5352,4000
5353,3792
5354,3750
5355,3833
5356,4000
5357,4042
5358,4125
5359,4292
5360,3709
5361,3750
5362,3709
5363,3750
5364,3834
5365,3875
5366,3708
5367,4458
5368,3750
5369,3709
5370,3750
5371,3834
5372,3709
5373,3750
5374,3750
5375,3750
5376,4541
5377,3708
5378,3708
5379,3791
5380,3708
5381,3875
5382,3750
5383,4125
5384,4708
5385,3792
5386,4000
5387,3750
5388,3958
5389,3709
5390,3833
5391,3750
5392,4334
5393,4000
5394,3875
5395,3959
5396,3916
5397,3959
5398,3750
5399,4042
5400,4334
5401,3708
5402,3709
5403,3708
5404,3792
5405,3833
5406,3708
5407,3917
5408,4209
5409,3708
5410,3958
5411,3833
5412,3792
5413,3750
5414,3750
5415,3959
5416,3750
5417,4333
5418,3750
5419,3792
5420,3917
5421,3792
5422,3708
5423,3708
5424,3834
5425,4417
5426,3833
5427,4000
5428,3833
5429,4209
5430,3708
5431,3708
5432,3750
5433,4500
5434,3792
5435,4000
5436,4042
5437,3875
5438,3791
5439,3834
5440,3833
5441,4583
5442,4084
5443,3875
5444,3875
5445,3750
5446,3750
5447,4125
5448,3791
5449,4917
5450,3708
5451,3959
5452,4250
5453,4042
5454,3875
5455,3916
5456,3792
5457,3750
5458,4667
5459,3875
5460,4291
5461,3666
5462,3667
5463,3709
5464,3792
5465,3875
5466,4583
5467,3917
5468,3917
5469,4333
5470,3958
5471,3750
5472,3917
5473,3958
5474,4875
5475,3958
5476,3958
5477,3875
5478,4042
5479,4125
5480,4208
5481,3875
5482,4750
5483,4250
5484,3667
5485,3833
5486,3875
5487,3750
5488,4458
5489,4167
5490,4542
5491,4000
5492,3708
5493,4000
5494,3875
5495,3958
5496,3750
5497,3667
5498,3958
5499,4208
5500,3709
5501,3917
5502,3750
5503,3666
5504,3750
5505,3709
5506,3709
5507,4250
5508,3792
5509,3666
5510,3709
5511,3958
5512,4125
5513,6583
5514,3750
5515,4417
5516,3833
5517,4042
5518,3750
5519,3709
5520,4125
5521,3708
5522,3709
5523,4417
5524,3750
5525,4042
5526,3750
5527,4000
5528,3834
5529,3708
5530,4000
5531,4333
5532,3709
5533,3708
5534,3708
5535,3750
5536,4083
5537,3792
5538,3708
5539,4208
5540,3958
5541,3792
5542,3667
5543,3750
5544,3709
5545,3875
5546,3709
5547,3708
5548,4334
5549,4083
5550,3708
5551,3667
5552,3667
5553,3708
5554,3958
5555,3917
5556,4375
5557,3750
5558,3792
5559,3958
5560,3833
5561,3750
5562,3750
5563,3792
5564,4416
5565,3750
5566,3917
5567,3709
5568,3833
5569,3791
5570,3750
5571,4125
5572,4583
5573,4000
5574,4083
5575,4000
5576,4042
5577,4042
5578,3708
5579,3833
5580,4708
5581,4208
5582,3750
5583,3708
5584,3833
5585,3708
5586,3750
5587,3708
5588,4125
5589,4416
5590,3750
5591,4125
5592,3875
5593,3709
5594,3750
5595,3709
5596,3750
5597,4667
5598,3708
5599,4166
5600,3709
5601,3875
5602,4208
5603,3709
5604,3708
5605,4417
5606,3709
5607,3833
5608,3708
5609,4042
5610,3959
5611,3875
5612,4000
5613,4625
5614,4083
5615,3792
5616,4042
5617,4084
5618,3875
5619,3834
5620,3958
5621,4250
5622,4375
5623,3959
5624,3708
5625,3750
5626,3916
5627,4084
5628,3791
5629,3958
5630,4458
5631,3833
5632,3959
5633,3833
5634,4125
5635,4084
5636,4042
5637,3875
5638,4458
5639,3709
5640,4000
5641,3709
5642,3791
5643,3959
5644,3792
5645,3708
5646,4458
5647,4292
5648,3709
5649,3875
5650,3709
5651,3750
5652,3667
5653,3958
5654,4334
5655,3916
5656,3750
5657,4167
5658,4292
5659,3833
5660,4041
5661,3917
5662,4292
5663,3791
5664,4000
5665,4041
5666,3750
5667,3750
5668,3750
5669,3792
5670,4083
5671,4334
5672,3750
5673,3834
5674,3958
5675,3875
5676,4041
5677,3791
5678,3834
5679,4625
5680,3750
5681,3708
5682,3750
5683,3917
5684,3834
5685,3708
5686,3750
5687,4792
5688,3959
5689,3708
5690,3709
5691,3750
5692,3959
5693,3958
5694,3875
5695,4333
5696,3709
5697,3750
5698,3792
5699,3792
5700,4000
5701,3750
5702,3708
5703,4333
5704,3750
5705,3750
5706,3708
5707,3750
5708,4000
5709,3792
5710,3834
5711,3792
5712,4250
5713,3708
5714,3792
5715,3709
5716,3833
5717,4000
5718,3750
5719,4042
5720,4542
5721,3833
5722,4000
5723,4125
5724,3833
5725,3958
5726,3750
5727,3750
5728,4625
5729,4208
5730,4375
5731,3750
5732,3791
5733,3709
5734,4125
5735,4166
5736,4625
5737,3709
5738,3791
5739,3708
5740,3917
5741,3875
5742,3750
5743,3667
5744,4541
5745,3750
5746,3792
5747,3750
5748,3709
5749,3708
5750,3750
5751,3750
5752,4375
5753,4125
5754,3917
5755,4000
5756,3791
5757,3833
5758,3916
5759,3875
5760,3708
5761,4375
5762,3791
5763,3750
5764,3833
5765,3750
5766,3708
5767,3792
5768,3916
5769,4500
5770,3875
5771,3792
5772,4042
5773,3750
5774,3708
5775,3792
5776,3750
5777,4625
5778,4042
5779,3792
5780,3875
5781,3750
5782,3708
5783,3750
5784,3792
5785,4459
5786,3750
5787,3750
5788,3667
5789,3917
5790,3750
5791,3792
5792,3750
5793,4250
5794,4083
5795,3708
5796,3709
5797,3708
5798,3792
5799,3709
5800,3791
5801,3792
5802,4416
5803,3709
5804,4125
5805,3750
5806,3750
5807,4000
5808,3750
5809,3709
5810,4500
5811,3708
5812,4125
5813,3792
5814,3917
5815,3917
5816,3750
5817,3875
5818,4291
5819,3750
5820,3750
5821,3750
5822,3750
5823,3708
5824,3750
5825,3709
5826,4333
5827,3750
5828,3875
5829,3750
5830,4167
5831,3958
5832,3875
5833,3791
5834,4792
5835,3709
5836,4166
5837,4291
5838,4041
5839,4208
5840,3917
5841,3750
5842,3875
5843,4375
5844,3750
5845,4542
5846,3917
5847,4375
5848,3875
5849,3708
5850,3709
5851,4458
5852,3750
5853,4042
5854,3708
5855,3792
5856,3750
5857,3750
5858,3833
5859,4541
5860,3791
5861,3666
5862,3834
5863,4000
5864,4000
5865,3750
5866,3750
5867,4292
5868,3792
5869,3750
5870,3708
5871,3959
5872,3708
5873,3709
5874,3750
5875,4334
5876,3791
5877,3709
5878,3750
5879,3708
5880,3750
5881,3791
5882,3666
5883,3708
5884,4375
5885,3709
5886,4000
5887,3667
5888,3708
5889,3708
5890,3750
5891,3792
5892,4375
5893,3791
5894,3916
5895,4000
5896,3708
5897,4000
5898,3750
5899,3834
5900,4333
5901,3792
5902,3708
5903,3750
5904,3708
5905,3708
5906,4083
5907,3792
5908,4333
5909,3791
5910,3709
5911,3833
5912,3750
5913,3833
5914,3709
5915,3750
5916,4583
5917,3875
5918,3708
5919,3708
5920,3708
5921,3709
5922,4291
5923,3750
5924,3667
5925,4250
5926,3750
5927,3750
5928,3667
5929,3750
5930,3750
5931,3792
5932,3709
5933,4167
5934,3708
5935,3834
5936,3792
5937,3708
5938,3709
5939,3750
5940,3708
5941,4417
5942,3875
5943,3750
5944,4042
5945,3708
5946,4000
5947,3708
5948,3750
5949,4417
5950,3708
5951,3708
5952,3750
5953,3792
5954,3750
5955,3750
5956,4000
5957,4542
5958,3750
5959,3959
5960,3750
5961,3833
5962,3750
5963,3834
5964,4042
5965,4209
5966,4000
5967,3750
5968,3708
5969,3875
5970,3792
5971,4250
5972,3958
5973,3750
5974,4458
5975,3708
5976,4000
5977,3708
5978,3750
5979,3708
5980,3750
5981,3750
5982,4292
5983,3792
5984,3708
5985,3709
5986,3958
5987,3708
5988,3750
5989,3834
5990,4458
5991,4083
5992,3833
5993,3875
5994,3750
5995,3708
5996,3792
5997,3708
5998,4542
5999,3709
6000,3750
6001,3667
6002,3792
6003,3750
6004,3833
6005,3958
6006,4250
6007,3834
6008,3708
6009,4000
6010,3708
6011,3709
6012,3708
6013,3916
6014,3750
6015,4417
6016,3750
6017,3667
6018,3958
6019,3750
6020,3708
6021,4042
6022,3750
6023,4541
6024,3791
6025,3708
6026,3875
6027,3875
6028,3750
6029,4042
6030,3750
6031,4292
6032,3833
6033,3750
6034,3917
6035,3708
6036,3709
6037,3750
6038,3792
6039,4458
6040,3750
6041,3750
6042,3708
6043,3750
6044,3792
6045,3958
6046,3666
6047,4291
6048,3750
6049,3708
6050,3708
6051,3958
6052,3708
6053,3833
6054,3709
6055,3750
6056,4834
6057,4041
6058,4041
6059,3875
6060,3833
6061,4042
6062,4000
6063,3708
6064,4250
6065,4042
6066,3792
6067,3709
6068,3792
6069,3708
6070,3834
6071,4250
6072,4750
6073,4125
6074,3875
6075,3750
6076,4208
6077,4500
6078,3750
6079,4000
6080,4709
6081,3708
6082,4000
6083,3709
6084,3958
6085,3708
6086,3709
6087,3750
6088,4834
6089,3875
6090,3917
6091,3709
6092,4083
6093,4125
6094,3791
6095,3750
6096,3750
6097,4417
6098,3750
6099,3833
6100,3875
6101,3958
6102,3708
6103,3750
6104,3958
6105,4208
6106,3833
6107,3833
6108,3708
6109,3708
6110,3916
6111,3750
6112,3833
6113,4458
6114,3791
6115,4000
6116,4042
6117,4083
6118,3958
6119,4292
6120,3667
6121,4375
6122,3667
6123,4083
6124,3708
6125,3708
6126,4000
6127,3875
6128,3709
6129,4333
6130,3709
6131,3708
6132,3709
6133,3708
6134,3709
6135,3958
6136,3916
6137,4041
6138,4083
6139,3709
6140,3666
6141,4000
6142,3709
6143,3708
6144,4291
6145,3667
6146,4250
6147,4042
6148,3708
6149,3709
6150,3792
6151,3958
6152,3750
6153,3792
6154,4583
6155,3709
6156,3750
6157,4000
6158,3875
6159,3750
6160,4042
6161,3709
6162,4291
6163,3750
6164,3667
6165,3708
6166,3750
6167,3708
6168,3708
6169,3834
6170,4458
6171,3750
6172,3750
6173,3833
6174,3750
6175,3791
6176,4458
6177,3917
6178,4500
6179,4000
6180,4500
6181,3916
6182,3916
6183,4375
6184,3833
6185,3709
6186,3708
6187,4167
6188,3708
6189,3708
6190,3959
6191,3708
6192,3750
6193,3833
6194,4250
6195,4792
6196,3750
6197,3750
6198,3708
6199,4084
6200,3958
6201,3750
6202,3708
6203,4375
6204,3750
6205,3875
6206,3792
6207,3750
6208,4167
6209,3792
6210,3833
6211,4334
6212,3750
6213,3750
6214,4125
6215,3750
6216,3750
6217,3708
6218,4209
6219,4417
6220,4167
6221,3834
6222,3750
6223,3958
6224,4125
6225,3708
6226,3792
6227,3791
6228,4125
6229,3792
6230,3750
6231,3750
6232,3792
6233,3750
6234,3834
6235,3708
6236,4417
6237,3708
6238,4000
6239,3833
6240,3875
6241,3834
6242,3958
6243,3750
6244,4709
6245,3958
6246,3833
6247,3917
6248,4042
6249,3750
6250,4542
6251,3833
6252,3958
6253,3834
6254,3959
6255,3834
6256,4291
6257,3792
6258,3875
6259,3708
6260,3750
6261,3750
6262,3834
6263,3917
6264,4250
6265,3709
6266,3708
6267,3750
6268,3958
6269,3750
6270,3750
6271,3750
6272,4250
6273,3917
6274,4125
6275,3750
6276,3750
6277,3709
6278,3708
6279,3792
6280,3750
6281,4375
6282,3708
6283,3750
6284,3709
6285,3750
6286,3708
6287,3709
6288,3666
6289,4542
6290,3792
6291,3708
6292,3750
6293,3750
6294,3709
6295,3708
6296,3750
6297,4375
6298,3750
6299,3750
6300,3708
6301,3750
6302,3708
6303,3750
6304,3958
6305,4750
6306,3708
6307,3791
6308,3709
6309,3708
6310,3709
6311,3791
6312,3750
6313,4208
6314,3750
6315,3708
6316,3667
6317,3750
6318,3709
6319,3708
6320,3709
6321,3750
6322,4417
6323,3709
6324,3708
6325,3750
6326,3708
6327,3709
6328,3708
6329,3750
6330,4208
6331,3709
6332,3666
6333,3708
6334,3750
6335,3750
6336,3708
6337,3917
6338,4417
6339,3750
6340,4000
6341,3750
6342,3709
6343,3708
6344,3750
6345,3791
6346,4333
6347,4041
6348,3708
6349,3750
6350,3791
6351,3750
6352,3708
6353,3709
6354,4625
6355,3708
6356,3750
6357,3750
6358,4084
6359,3792
6360,3916
6361,4208
6362,3708
6363,4416
6364,3958
6365,3750
6366,3875
6367,3708
6368,3792
6369,4000
6370,3791
6371,4250
6372,3917
6373,3750
6374,3834
6375,3708
6376,3916
6377,3917
6378,3750
6379,4500
6380,3750
6381,3750
6382,3750
6383,3708
6384,4041
6385,4084
6386,3750
6387,4833
6388,3709
6389,3750
6390,3750
6391,3792
6392,3708
6393,3875
6394,3750
6395,4542
6396,4250
6397,3708
6398,3833
6399,3958
6400,3709
6401,3916
6402,3708
6403,4000
6404,4208
6405,3750
6406,4000
6407,3875
6408,4000
6409,4041
6410,3750
6411,3708
6412,4541
6413,3709
6414,3958
6415,3750
6416,3667
6417,4125
6418,3750
6419,3750
6420,4541
6421,3708
6422,3750
6423,4000
6424,3708
6425,3875
6426,3708
6427,3875
6428,4500
6429,3750
6430,3750
6431,3875
6432,4083
6433,4042
6434,3791
6435,3833
6436,4334
6437,3750
6438,3792
6439,3958
6440,3792
6441,3750
6442,3750
6443,3750
6444,4250
6445,4000
6446,3708
6447,3958
6448,3750
6449,3750
6450,3708
6451,3667
6452,4167
6453,4333
6454,3750
6455,3875
6456,3792
6457,3750
6458,3750
6459,4000
6460,3750
6461,4375
6462,3750
6463,3750
6464,3833
6465,3709
6466,3709
6467,3791
6468,3709
6469,4291
6470,3834
6471,3708
6472,3833
6473,3708
6474,3708
6475,3917
6476,3750
6477,4666
6478,3708
6479,3709
6480,3708
6481,4209
6482,4000
6483,3958
6484,3708
6485,4291
6486,3833
6487,3708
6488,3709
6489,3750
6490,3708
6491,3834
6492,3917
6493,3708
6494,4166
6495,3709
6496,3708
6497,3750
6498,3709
6499,3750
6500,3917
6501,4292
6502,4458
6503,4042
6504,3750
6505,3708
6506,3708
6507,3916
6508,4167
6509,3708
6510,4333
6511,3709
6512,3709
6513,3708
6514,3750
6515,3750
6516,3750
6517,3708
6518,4334
6519,4083
6520,3709
6521,3750
6522,3750
6523,3708
6524,3709
6525,3750
6526,4250
6527,3791
6528,3833
6529,3708
6530,3750
6531,3750
6532,3708
6533,3750
6534,3750
6535,4583
6536,3708
6537,3709
6538,3708
6539,3750
6540,4917
6541,3750
6542,3667
6543,4334
6544,3750
6545,3750
6546,4125
6547,3708
6548,3709
6549,4042
6550,3833
6551,4500
6552,3791
6553,3958
6554,3750
6555,3708
6556,3791
6557,3958
6558,3709
6559,4458
6560,4500
6561,3750
6562,3708
6563,3709
6564,3666
6565,3750
6566,3708
6567,4500
6568,3709
6569,3708
6570,3750
6571,3708
6572,3709
6573,3750
6574,3709
6575,4042
6576,4333
6577,3834
6578,3750
6579,3750
6580,3708
6581,4084
6582,3750
6583,4167
6584,4250
6585,3750
6586,3708
6587,3708
6588,3709
6589,3750
6590,3792
6591,3833
6592,4333
6593,3834
6594,3917
6595,3708
6596,3792
6597,3750
6598,3792
6599,3750
6600,4375
6601,3875
6602,3750
6603,3750
6604,4333
6605,4208
6606,4375
6607,3708
6608,4542
6609,3792
6610,3708
6611,3708
6612,3792
6613,3791
6614,3791
6615,3708
6616,4125
6617,3959
6618,3750
6619,3791
6620,3791
6621,3750
6622,3709
6623,4041
6624,4500
6625,4334
6626,3917
6627,3750
6628,3667
6629,3750
6630,3666
6631,3709
6632,3750
6633,4292
6634,4125
6635,3708
6636,3959
6637,3750
6638,3750
6639,3708
6640,3750
6641,4584
6642,3708
6643,3750
6644,3708
6645,3709
6646,3750
6647,3792
6648,3750
6649,4375
6650,3667
6651,3750
6652,3959
6653,4292
6654,3750
6655,4583
6656,4292
6657,4833
6658,4292
6659,4042
6660,3708
6661,3917
6662,3834
6663,3833
6664,3875
6665,3708
6666,4167
6667,3708
6668,4042
6669,3709
6670,3666
6671,3709
6672,3750
6673,3708
6674,4333
6675,3792
6676,3750
6677,3750
6678,3792
6679,3875
6680,3917
6681,4000
6682,4333
6683,3750
6684,3709
6685,3708
6686,3750
6687,3709
6688,3750
6689,3917
6690,4292
6691,3959
6692,3750
6693,3750
6694,3709
6695,3750
6696,3750
6697,3709
6698,4208
6699,3708
6700,3709
6701,3750
6702,3709
6703,3958
6704,3709
6705,3708
6706,3750
6707,4334
6708,3875
6709,4041
6710,3917
6711,4042
6712,3750
6713,3667
6714,3708
6715,4167
6716,3917
6717,4000
6718,3875
6719,3875
6720,3708
6721,4084
6722,3709
6723,4458
6724,3792
6725,4333
6726,4000
6727,3750
6728,3875
6729,3791
6730,3709
6731,4542
6732,3750
6733,3708
6734,3750
6735,3833
6736,3708
6737,3709
6738,4000
6739,4333
6740,3666
6741,3750
6742,3708
6743,4667
6744,4000
6745,4042
6746,3916
6747,3875
6748,4500
6749,3750
6750,3708
6751,3916
6752,3709
6753,3708
6754,3750
6755,3917
6756,4542
6757,3750
6758,3917
6759,3708
6760,3750
6761,3708
6762,3708
6763,3708
6764,4417
6765,3750
6766,3708
6767,3834
6768,3917
6769,3708
6770,3958
6771,3750
6772,4458
6773,3750
6774,3792
6775,3666
6776,3750
6777,3750
6778,4250
6779,3959
6780,4750
6781,4125
6782,4209
6783,3875
6784,4042
6785,3792
6786,4000
6787,4208
6788,3792
6789,20209
6790,3750
6791,3792
6792,3875
6793,4208
6794,3750
6795,4125
6796,3708
6797,4250
6798,3708
6799,3709
6800,3709
6801,3708
6802,3958
6803,3708
6804,3667
6805,4334
6806,3833
6807,3833
6808,3708
6809,3750
6810,3791
6811,3750
6812,3708
6813,4500
6814,3708
6815,3791
6816,3750
6817,4000
6818,3708
6819,3750
6820,3709
6821,4459
6822,3792
6823,3709
6824,4250
6825,3958
6826,3708
6827,3709
6828,3875
6829,4375
6830,4041
6831,3916
6832,3916
6833,3833
6834,3708
6835,3709
6836,3708
6837,3750
6838,4291
6839,3708
6840,3750
6841,3708
6842,3750
6843,3917
6844,4041
6845,3916
6846,4916
6847,3834
6848,3750
6849,3917
6850,3709
6851,3708
6852,3750
6853,3708
6854,4417
6855,3750
6856,3792
6857,3708
6858,3709
6859,3750
6860,3708
6861,3708
6862,4333
6863,3917
6864,3792
6865,3709
6866,3708
6867,3750
6868,3708
6869,3709
6870,4292
6871,3875
6872,3791
6873,3709
6874,3708
6875,3875
6876,4000
6877,3709
6878,3750
6879,4208
6880,3709
6881,3750
6882,3708
6883,3708
6884,4125
6885,3750
6886,3750
6887,4292
6888,3750
6889,3709
6890,3708
6891,3708
6892,3708
6893,3750
6894,3708
6895,4500
6896,3750
6897,3792
6898,3709
6899,3792
6900,3750
6901,4167
6902,3750
6903,4666
6904,4125
6905,3875
6906,3709
6907,3709
6908,3708
6909,3833
6910,3750
6911,4334
6912,4000
6913,3750
6914,4000
6915,3792
6916,3750
6917,3750
6918,3708
6919,3708
6920,4458
6921,3708
6922,3750
6923,3709
6924,3750
6925,3958
6926,3791
6927,3875
6928,4583
6929,3750
6930,3750
6931,3709
6932,3750
6933,3750
6934,3709
6935,3708
6936,4375
6937,3750
6938,3708
6939,3750
6940,4000
6941,3792
6942,3750
6943,3709
6944,4375
6945,3708
6946,3708
6947,3708
6948,3792
6949,3750
6950,3667
6951,3750
6952,4333
6953,3750
6954,3708
6955,3709
6956,3792
6957,3917
6958,4000
6959,3792
6960,3750
6961,4250
6962,3875
6963,3750
6964,3708
6965,3709
6966,3791
6967,3959
6968,4042
6969,4750
6970,3709
6971,3750
6972,3917
6973,3709
6974,3708
6975,3708
6976,3834
6977,4417
6978,3959
6979,3750
6980,3750
6981,3833
6982,3708
6983,3917
6984,4167
6985,4625
6986,3708
6987,3708
6988,3709
6989,3708
6990,3875
6991,4083
6992,3709
6993,4666
6994,3916
6995,3750
6996,3792
6997,4250
6998,3709
6999,3708
7000,4000
7001,3709
7002,4333
7003,3750
7004,3708
7005,3709
7006,3708
7007,3875
7008,3959
7009,3875
7010,5042
7011,3834
7012,3833
7013,3791
7014,3833
7015,4042
7016,3750
7017,3708
7018,4417
7019,3750
7020,3750
7021,3750
7022,4250
7023,3875
7024,3917
7025,4083
7026,4416
7027,3750
7028,3750
7029,3750
7030,3791
7031,3916
7032,3917
7033,3708
7034,4250
7035,3709
7036,4041
7037,3875
7038,3792
7039,3750
7040,3834
7041,3875
7042,4417
7043,4333
7044,4000
7045,3875
7046,4625
7047,4334
7048,4084
7049,4042
7050,3709
7051,4666
7052,3750
7053,3833
7054,3708
7055,3792
7056,3834
7057,4292
7058,4167
7059,4584
7060,3709
7061,3792
7062,3833
7063,3875
7064,3750
7065,3750
7066,3750
7067,4333
7068,3875
7069,3833
7070,3709
7071,3875
7072,3875
7073,4042
7074,3875
7075,4333
7076,3750
7077,3709
7078,3708
7079,3750
7080,4000
7081,3708
7082,3709
7083,4416
7084,4167
7085,3917
7086,3708
7087,3750
7088,3750
7089,3959
7090,3750
7091,3750
7092,4250
7093,3708
7094,3708
7095,3875
7096,3750
7097,3708
7098,3834
7099,3708
7100,4334
7101,3708
7102,4000
7103,4000
7104,3750
7105,3792
7106,3708
7107,3750
7108,4292
7109,3750
7110,3750
7111,3875
7112,4292
7113,3791
7114,4083
7115,3750
7116,4500
7117,3750
7118,4000
7119,3750
7120,3958
7121,3917
7122,4042
7123,3750
7124,4250
7125,3708
7126,3708
7127,3833
7128,3750
7129,3709
7130,3667
7131,3750
7132,3959
7133,4542
7134,3750
7135,3708
7136,3708
7137,3750
7138,3750
7139,3708
7140,3708
7141,4208
7142,4084
7143,3750
7144,3709
7145,3750
7146,4000
7147,3709
7148,3708
7149,4291
7150,3708
7151,3959
7152,4083
7153,4083
7154,3666
7155,3709
7156,3791
7157,4333
7158,3708
7159,3834
7160,3708
7161,3958
7162,3750
7163,3708
7164,3666
7165,4334
7166,3833
7167,3750
7168,3959
7169,3875
7170,3708
7171,3750
7172,3750
7173,3833
7174,4291
7175,3709
7176,3750
7177,3750
7178,3709
7179,3708
7180,3708
7181,3917
7182,4292
7183,3708
7184,3833
7185,3917
7186,4041
7187,3875
7188,3750
7189,3709
7190,4417
7191,3750
7192,3750
7193,3708
7194,3667
7195,3750
7196,3750
7197,3875
7198,4250
7199,3750
7200,3708
7201,3750
7202,3708
7203,3833
7204,3917
7205,3750
7206,4458
7207,4209
7208,4417
7209,4042
7210,3750
7211,3750
7212,3708
7213,3750
7214,4041
7215,3916
7216,3750
7217,3750
7218,3709
7219,3708
7220,3709
7221,3750
7222,3750
7223,4375
7224,3750
7225,3958
7226,3667
7227,3708
7228,3708
7229,3709
7230,3750
7231,4250
7232,3708
7233,3750
7234,4041
7235,3708
7236,3750
7237,3708
7238,3875
7239,4375
7240,3708
7241,3709
7242,3875
7243,3834
7244,4084
7245,4250
7246,4250
7247,4500
7248,4000
7249,3750
7250,3708
7251,3750
7252,3708
7253,3666
7254,3709
7255,4208
7256,3791
7257,3834
7258,4000
7259,4083
7260,3750
7261,3708
7262,3708
7263,3875
7264,4208
7265,3750
7266,3750
7267,3708
7268,3709
7269,3833
7270,3709
7271,3750
7272,4417
7273,3792
7274,3708
7275,3875
7276,3750
7277,3708
7278,3667
7279,4000
7280,4375
7281,3750
7282,4083
7283,4042
7284,3834
7285,4000
7286,3791
7287,3792
7288,4333
7289,3792
7290,3709
7291,3958
7292,4000
7293,3833
7294,3709
7295,3916
7296,4333
7297,3917
7298,4042
7299,4000
7300,3875
7301,3875
7302,4000
7303,4166
7304,3708
7305,4208
7306,3708
7307,3750
7308,4084
7309,3792
7310,3709
7311,3792
7312,3750
7313,4959
7314,3750
7315,4000
7316,3708
7317,4042
7318,3834
7319,3750
7320,3750
7321,4292
7322,3792
7323,3708
7324,3958
7325,3750
7326,3750
7327,3959
7328,3708
7329,4667
7330,4000
7331,4375
7332,3958
7333,3959
7334,3917
7335,3708
7336,3750
7337,4292
7338,3750
7339,4000
7340,3959
7341,3792
7342,3750
7343,3958
7344,3750
7345,3667
7346,4292
7347,3750
7348,3709
7349,3708
7350,3750
7351,3750
7352,3708
7353,3750
7354,4209
7355,4000
7356,3750
7357,3917
7358,3708
7359,4000
7360,3750
7361,3708
7362,4417
7363,3750
7364,3708
7365,3708
7366,3708
7367,3708
7368,3709
7369,3916
7370,4416
7371,3709
7372,3791
7373,3667
7374,3750
7375,3708
7376,3709
7377,3958
7378,4334
7379,3708
7380,3709
7381,3792
7382,3708
7383,3709
7384,3708
7385,3750
7386,3959
7387,4333
7388,3750
7389,3959
7390,3792
7391,3833
7392,3792
7393,3709
7394,3917
7395,4709
7396,4167
7397,3792
7398,3958
7399,3833
7400,3750
7401,3750
7402,3708
7403,4500
7404,3750
7405,3791
7406,3750
7407,3750
7408,4042
7409,3792
7410,3875
7411,4208
7412,3708
7413,3791
7414,3709
7415,4250
7416,3750
7417,3708
7418,3750
7419,4417
7420,3791
7421,3750
7422,3708
7423,3750
7424,3708
7425,3834
7426,3875
7427,4083
7428,4125
7429,3834
7430,3833
7431,3750
7432,3834
7433,3833
7434,3750
7435,3833
7436,4500
7437,3792
7438,3667
7439,3917
7440,3792
7441,4084
7442,3750
7443,3750
7444,4500
7445,3750
7446,3708
7447,3750
7448,3709
7449,3666
7450,3750
7451,3750
7452,4333
7453,4041
7454,3792
7455,4500
7456,3791
7457,3708
7458,3709
7459,3750
7460,4250
7461,3750
7462,3708
7463,4042
7464,3833
7465,3708
7466,3750
7467,3750
7468,4166
7469,4000
7470,3833
7471,4083
7472,4125
7473,3708
7474,3709
7475,3708
7476,3750
7477,4459
7478,3708
7479,4167
7480,3833
7481,3750
7482,3792
7483,3875
7484,3708
7485,4375
7486,3708
7487,3750
7488,3708
7489,3709
7490,3875
7491,3791
7492,3750
7493,4375
7494,3708
7495,3709
7496,3750
7497,3959
7498,4167
7499,3792
7500,3750
7501,4459
7502,3667
7503,3791
7504,3792
7505,3792
7506,3709
7507,3709
7508,3708
7509,4292
7510,3875
7511,3666
7512,3708
7513,3875
7514,3750
7515,3875
7516,3708
7517,3833
7518,4375
7519,4166
7520,3834
7521,4000
7522,3708
7523,3791
7524,3750
7525,3750
7526,4333
7527,4208
7528,3833
7529,3834
7530,3708
7531,3750
7532,3792
7533,3833
7534,4584
7535,3958
7536,3958
7537,3875
7538,3917
7539,3875
7540,3834
7541,3791
7542,4666
7543,3916
7544,4459
7545,3792
7546,3791
7547,3833
7548,3834
7549,3792
7550,4500
7551,4083
7552,3875
7553,4208
7554,3916
7555,3958
7556,3833
7557,3750
7558,4000
7559,4375
7560,3875
7561,3750
7562,3792
7563,4042
7564,3875
7565,3750
7566,3750
7567,4541
7568,3833
7569,4292
7570,3750
7571,3833
7572,3833
7573,4083
7574,4291
7575,4333
7576,3709
7577,3792
7578,3708
7579,3750
7580,3750
7581,3791
7582,3750
7583,4417
7584,3708
7585,3750
7586,3666
7587,3791
7588,3708
7589,3709
7590,3667
7591,4375
7592,3792
7593,4084
7594,3792
7595,3750
7596,4000
7597,3834
7598,3708
7599,3709
7600,4291
7601,3708
7602,3708
7603,3875
7604,3875
7605,3916
7606,3833
7607,3708
7608,4292
7609,3750
7610,3792
7611,3792
7612,3750
7613,4042
7614,3750
7615,3750
7616,4291
7617,3750
7618,4000
7619,3834
7620,3708
7621,4208
7622,3958
7623,3750
7624,4542
7625,3708
7626,3750
7627,3792
7628,3750
7629,3750
7630,3792
7631,3917
7632,4458
7633,3959
7634,3708
7635,3834
7636,3708
7637,3792
7638,3709
7639,3667
7640,4208
7641,4333
7642,3709
7643,3833
7644,3958
7645,3709
7646,3708
7647,3708
7648,3708
7649,4292
7650,3709
7651,3708
7652,3709
7653,3750
7654,3750
7655,3709
7656,3792
7657,4542
7658,3750
7659,3792
7660,4042
7661,3792
7662,3750
7663,3708
7664,3709
7665,4417
7666,3875
7667,3875
7668,3708
7669,3792
7670,3875
7671,3750
7672,3750
7673,4459
7674,3708
7675,3834
7676,3958
7677,3875
7678,3750
7679,3958
7680,3917
7681,4458
7682,3833
7683,3875
7684,3875
7685,4208
7686,4209
7687,3708
7688,3834
7689,3958
7690,4625
7691,3792
7692,4000
7693,3708
7694,3959
7695,3958
7696,3792
7697,3959
7698,4458
7699,3792
7700,4042
7701,4083
7702,3875
7703,3792
7704,3708
7705,3708
7706,4334
7707,3750
7708,3708
7709,3709
7710,3750
7711,3917
7712,3792
7713,3750
7714,4458
7715,3834
7716,3833
7717,3750
7718,3667
7719,3708
7720,3708
7721,3750
7722,4292
7723,3708
7724,3792
7725,3834
7726,3917
7727,4000
7728,3709
7729,3916
7730,3708
7731,4292
7732,4000
7733,3750
7734,4000
7735,3792
7736,3959
7737,3792
7738,3708
7739,4334
7740,3750
7741,3958
7742,3709
7743,3750
7744,3709
7745,3750
7746,3875
7747,4541
7748,3708
7749,3709
7750,3917
7751,3833
7752,3708
7753,3958
7754,3750
7755,4333
7756,4166
7757,3833
7758,3834
7759,3792
7760,3750
7761,3708
7762,3875
7763,4333
7764,3709
7765,3792
7766,3750
7767,3709
7768,3750
7769,3708
7770,3708
7771,3750
7772,4459
7773,4083
7774,3708
7775,3792
7776,3708
7777,3708
7778,4041
7779,10208
7780,4458
7781,3834
7782,3750
7783,4041
7784,4042
7785,3958
7786,3750
7787,3916
7788,4541
7789,4041
7790,3791
7791,3708
7792,3834
7793,3750
7794,3750
7795,3750
7796,4334
7797,3750
7798,3792
7799,4000
7800,4083
7801,3750
7802,3875
7803,3750
7804,4750
7805,3667
7806,3709
7807,3791
7808,3750
7809,3792
7810,4000
7811,3708
7812,4167
7813,4291
7814,4084
7815,3916
7816,3958
7817,3708
7818,3750
7819,3708
7820,3750
7821,4416
7822,3792
7823,3709
7824,3708
7825,3708
7826,3708
7827,3750
7828,3750
7829,4375
7830,3750
7831,3750
7832,3708
7833,3750
7834,4000
7835,3834
7836,3708
7837,4500
7838,3792
7839,3792
7840,3792
7841,3750
7842,3916
7843,3708
7844,3792
7845,4292
7846,3708
7847,3750
7848,3708
7849,3917
7850,3750
7851,3750
7852,3958
7853,4125
7854,3958
7855,3708
7856,3875
7857,3708
7858,3958
7859,3750
7860,3666
7861,3791
7862,4542
7863,3750
7864,4334
7865,3792
7866,3750
7867,3750
7868,4166
7869,3833
7870,4667
7871,3792
7872,4000
7873,3833
7874,3834
7875,3708
7876,3792
7877,3750
7878,4416
7879,3709
7880,3708
7881,4000
7882,3708
7883,3708
7884,3750
7885,3708
7886,4416
7887,3750
7888,4000
7889,3916
7890,3709
7891,3917
7892,3708
7893,4000
7894,4333
7895,4042
7896,3709
7897,3833
7898,3750
7899,3750
7900,3959
7901,3708
7902,3708
7903,4292
7904,3667
7905,4000
7906,3792
7907,3750
7908,3959
7909,3750
7910,3750
7911,4459
7912,3708
7913,3709
7914,3708
7915,3750
7916,3708
7917,3791
7918,3750
7919,5042
7920,3750
7921,4041
7922,3750
7923,3958
7924,4417
7925,3791
7926,3709
7927,4208
7928,3709
7929,3750
7930,3833
7931,3750
7932,3959
7933,3833
7934,4500
7935,4833
7936,4166
7937,4083
7938,3750
7939,3708
7940,3750
7941,3708
7942,3708
7943,3792
7944,4250
7945,3959
7946,3708
7947,3750
7948,4208
7949,3750
7950,3708
7951,3709
7952,4708
7953,3833
7954,3750
7955,3750
7956,3667
7957,4125
7958,3750
7959,3708
7960,4541
7961,3709
7962,3833
7963,3792
7964,3750
7965,3958
7966,3791
7967,3875
7968,4458
7969,3875
7970,3958
7971,3708
7972,3917
7973,3750
7974,3708
7975,3708
7976,4333
7977,3708
7978,3750
7979,3750
7980,3916
7981,3875
7982,3833
7983,3834
7984,3750
7985,4333
7986,3708
7987,3834
7988,3667
7989,3833
7990,3667
7991,3667
7992,3791
7993,4792
7994,4250
7995,4125
7996,4125
7997,4083
7998,3709
7999,3875
8000,3791
8001,4333
8002,3667
8003,3709
8004,3666
8005,3792
8006,3667
8007,3792
8008,3917
8009,4542
8010,3875
8011,3750
8012,4042
8013,3667
8014,3792
8015,3875
8016,3750
8017,4458
8018,3667
8019,3709
8020,3750
8021,3917
8022,3833
8023,3833
8024,3792
8025,3666
8026,4375
8027,3834
8028,3667
8029,3750
8030,3667
8031,4042
8032,3667
8033,3875
8034,4416
8035,3708
8036,3667
8037,3875
8038,3709
8039,4125
8040,3750
8041,3750
8042,4375
8043,3666
8044,3792
8045,3917
8046,3750
8047,4000
8048,3750
8049,3791
8050,4333
8051,4000
8052,4083
8053,3791
8054,3750
8055,4417
8056,3875
8057,4167
8058,4792
8059,3833
8060,4000
8061,3750
8062,3709
8063,3875
8064,3709
8065,3708
8066,4250
8067,4333
8068,3625
8069,3709
8070,3750
8071,3708
8072,3708
8073,3792
8074,3792
8075,4375
8076,4000
8077,3791
8078,3708
8079,4042
8080,3833
8081,3833
8082,3709
8083,4292
8084,3750
8085,4041
8086,4000
8087,3875
8088,3750
8089,3667
8090,3708
8091,4625
8092,4125
8093,3792
8094,3708
8095,3750
8096,3958
8097,3708
8098,3917
8099,4333
8100,3750
8101,3750
8102,3708
8103,3709
8104,3750
8105,3708
8106,3750
8107,4292
8108,3834
8109,4125
8110,3791
8111,3708
8112,3750
8113,3750
8114,4167
8115,3834
8116,4583
8117,3791
8118,3750
8119,3875
8120,3750
8121,3875
8122,3750
8123,4000
8124,4917
8125,3750
8126,3750
8127,3708
8128,3750
8129,3708
8130,3959
8131,3667
8132,4250
8133,3750
8134,3708
8135,3833
8136,4000
8137,3709
8138,3750
8139,3709
8140,4417
8141,3917
8142,3709
8143,3875
8144,3750
8145,3666
8146,3750
8147,3709
8148,4167
8149,3750
8150,3750
8151,3750
8152,3958
8153,3791
8154,3666
8155,3709
8156,4000
8157,4334
8158,3708
8159,3709
8160,3750
8161,3709
8162,3750
8163,3750
8164,3709
8165,4208
8166,3959
8167,3750
8168,3750
8169,3834
8170,3958
8171,3750
8172,3875
8173,4791
8174,3708
8175,3834
8176,3666
8177,4209
8178,4292
8179,3875
8180,4458
8181,4709
8182,3708
8183,3750
8184,3750
8185,3916
8186,3709
8187,3750
8188,3667
8189,4459
8190,3792
8191,3750
8192,3917
8193,3708
8194,3750
8195,3958
8196,3750
8197,3750
8198,4334
8199,3750
8200,3916
8201,3708
8202,3750
8203,3791
8204,4166
8205,3875
8206,4166
8207,3792
8208,3750
8209,3750
8210,4000
8211,3750
8212,3750
8213,3750
8214,4583
8215,4084
8216,3834
8217,3917
8218,3958
8219,3709
8220,3750
8221,4042
8222,4542
8223,3791
8224,4041
8225,4166
8226,3791
8227,3708
8228,3833
8229,4000
8230,4375
8231,3958
8232,4291
8233,4208
8234,3709
8235,4125
8236,4167
8237,3875
8238,4666
8239,4333
8240,3709
8241,3833
8242,3833
8243,3750
8244,3750
8245,3875
8246,3833
8247,4500
8248,3750
8249,3917
8250,3833
8251,3875
8252,3708
8253,3709
8254,3750
8255,4292
8256,3750
8257,3750
8258,3833
8259,3792
8260,3791
8261,3750
8262,4125
8263,4417
8264,3708
8265,3917
8266,4042
8267,3833
8268,3709
8269,3750
8270,3708
8271,4583
8272,3708
8273,3958
8274,3708
8275,3958
8276,3750
8277,3708
8278,3750
8279,4167
8280,3917
8281,3875
8282,4000
8283,3750
8284,3875
8285,3708
8286,3750
8287,3750
8288,4667
8289,3833
8290,3708
8291,3833
8292,3959
8293,3750
8294,3708
8295,3833
8296,4875
8297,3916
8298,3875
8299,3916
8300,3833
8301,3750
8302,3917
8303,3709
8304,4458
8305,3833
8306,3750
8307,3708
8308,3958
8309,3834
8310,3708
8311,3875
8312,4459
8313,3708
8314,3750
8315,3708
8316,3917
8317,3708
8318,3958
8319,3750
8320,4292
8321,3875
8322,4250
8323,4042
8324,4292
8325,4042
8326,3708
8327,4042
8328,3708
8329,4333
8330,4209
8331,4208
8332,4291
8333,3750
8334,3708
8335,3750
8336,3875
8337,4292
8338,3667
8339,3834
8340,3667
8341,3709
8342,4000
8343,4500
8344,3708
8345,4459
8346,3708
8347,3750
8348,3666
8349,4125
8350,3875
8351,4000
8352,3667
8353,4625
8354,3834
8355,3708
8356,3667
8357,3791
8358,3959
8359,3750
8360,3709
8361,4292
8362,3916
8363,3750
8364,4375
8365,3917
8366,3708
8367,3709
8368,3666
8369,3750
8370,4500
8371,3667
8372,3917
8373,3667
8374,4125
8375,3875
8376,3708
8377,3875
8378,4667
8379,3666
8380,3791
8381,3708
8382,4250
8383,3708
8384,3708
8385,3875
8386,4291
8387,3959
8388,3666
8389,3833
8390,3750
8391,3667
8392,3709
8393,3666
8394,4333
8395,3709
8396,3708
8397,3708
8398,3709
8399,3708
8400,3709
8401,3667
8402,4750
8403,3833
8404,3708
8405,3750
8406,3709
8407,3833
8408,3833
8409,3709
8410,3917
8411,4625
8412,4042
8413,3792
8414,3708
8415,3667
8416,3709
8417,3708
8418,3875
8419,4958
8420,3958
8421,3834
8422,4000
8423,3667
8424,3792
8425,3708
8426,3708
8427,4292
8428,3667
8429,3667
8430,3708
8431,4084
8432,3708
8433,4166
8434,3667
8435,4375
8436,4250
8437,3709
8438,3750
8439,3834
8440,3708
8441,3709
8442,3750
8443,4375
8444,3917
8445,3750
8446,3708
8447,3834
8448,3708
8449,3708
8450,3667
8451,4167
8452,3875
8453,3708
8454,3709
8455,3708
8456,3709
8457,3708
8458,4084
8459,3708
8460,4541
8461,3750
8462,3667
8463,3958
8464,3667
8465,3791
8466,3834
8467,3708
8468,4417
8469,3750
8470,3708
8471,3750
8472,3708
8473,3958
8474,3750
8475,3708
8476,4333
8477,3917
8478,3709
8479,3666
8480,3709
8481,3667
8482,3750
8483,3709
8484,4458
8485,3709
8486,3666
8487,3750
8488,3750
8489,3792
8490,3667
8491,3708
8492,4292
8493,4041
8494,3958
8495,3750
8496,3667
8497,3708
8498,3708
8499,3667
8500,3750
8501,4375
8502,3667
8503,3750
8504,3833
8505,3917
8506,3875
8507,4166
8508,3750
8509,4708
8510,4042
8511,3750
8512,3792
8513,3750
8514,3708
8515,3875
8516,3708
8517,4375
8518,3708
8519,3750
8520,4167
8521,3750
8522,3708
8523,3792
8524,4042
8525,4334
8526,3708
8527,4042
8528,3917
8529,4000
8530,3834
8531,3875
8532,3875
8533,4333
8534,3917
8535,3709
8536,3708
8537,3708
8538,4000
8539,4083
8540,4000
8541,4375
8542,4959
8543,3833
8544,3875
8545,3708
8546,3708
8547,4000
8548,3667
8549,3667
8550,4333
8551,4083
8552,4209
8553,3708
8554,3750
8555,3792
8556,3750
8557,3750
8558,4333
8559,3709
8560,3708
8561,3916
8562,3833
8563,3708
8564,3667
8565,4083
8566,4417
8567,3667
8568,4000
8569,3667
8570,3708
8571,3667
8572,3708
8573,3708
8574,4292
8575,3750
8576,3792
8577,4000
8578,3750
8579,3708
8580,3791
8581,3750
8582,3708
8583,4250
8584,4041
8585,3667
8586,3667
8587,3708
8588,4000
8589,3709
8590,3750
8591,4250
8592,3708
8593,3959
8594,4041
8595,3750
8596,4000
8597,3666
8598,3709
8599,4333
8600,3667
8601,3708
8602,3833
8603,3750
8604,3959
8605,3709
8606,3875
8607,4458
8608,3709
8609,3792
8610,3958
8611,3708
8612,3750
8613,3708
8614,3750
8615,4458
8616,3709
8617,3750
8618,3750
8619,3750
8620,3750
8621,3875
8622,3709
8623,3833
8624,4291
8625,3791
8626,3750
8627,3875
8628,3708
8629,3708
8630,3708
8631,3708
8632,4291
8633,3708
8634,3750
8635,4000
8636,3708
8637,3750
8638,3917
8639,3666
8640,4625
8641,4209
8642,4042
8643,3708
8644,3708
8645,3709
8646,3750
8647,3917
8648,4375
8649,3708
8650,3792
8651,3792
8652,3750
8653,3792
8654,3791
8655,3917
8656,4250
8657,3750
8658,3833
8659,3875
8660,3792
8661,3833
8662,3708
8663,3708
8664,4083
8665,4000
8666,3959
8667,3833
8668,4166
8669,4166
8670,4166
8671,3875
8672,4000
8673,4375
8674,3708
8675,3791
8676,3750
8677,3791
8678,3709
8679,3750
8680,3833
8681,4459
8682,3666
8683,3750
8684,3750
8685,3750
8686,3709
8687,3708
8688,3750
8689,4334
8690,3708
8691,3708
8692,3708
8693,3709
8694,3708
8695,4041
8696,3708
8697,4375
8698,3750
8699,3750
8700,3708
8701,3750
8702,3708
8703,3750
8704,3750
8705,4625
8706,3916
8707,3833
8708,3750
8709,4292
8710,3833
8711,3750
8712,4000
8713,3708
8714,4334
8715,3708
8716,3666
8717,3708
8718,3667
8719,3708
8720,3792
8721,3708
8722,4625
8723,3666
8724,3917
8725,3667
8726,3666
8727,3709
8728,3708
8729,3625
8730,4458
8731,3917
8732,3959
8733,3708
8734,3750
8735,3708
8736,3791
8737,3750
8738,4709
8739,3750
8740,3709
8741,3708
8742,3709
8743,3667
8744,3750
8745,3708
8746,4250
8747,3959
8748,3792
8749,4417
8750,3750
8751,4125
8752,3917
8753,3750
8754,3875
8755,4291
8756,3958
8757,3667
8758,3708
8759,3709
8760,3708
8761,3791
8762,3791
8763,4583
8764,3708
8765,3708
8766,3834
8767,3833
8768,3875
8769,4125
8770,3750
8771,4792
8772,3792
8773,3709
8774,3750
8775,3708
8776,3833
8777,3917
8778,4042
8779,4459
8780,3709
8781,3792
8782,3750
8783,4292
8784,3750
8785,3834
8786,3708
8787,4625
8788,3833
8789,3833
8790,3917
8791,4333
8792,3916
8793,3916
8794,3792
8795,3666
8796,4333
8797,3875
8798,3709
8799,3667
8800,4041
8801,3750
8802,3708
8803,3791
8804,4333
8805,3750
8806,3792
8807,3750
8808,3750
8809,3709
8810,3750
8811,3917
8812,4375
8813,3708
8814,3667
8815,3750
8816,3708
8817,4209
8818,3750
8819,3750
8820,4333
8821,3708
8822,3750
8823,4292
8824,3708
8825,4000
8826,3792
8827,4167
8828,4541
8829,3875
8830,4041
8831,3792
8832,4042
8833,4083
8834,4084
8835,3833
8836,4000
8837,4333
8838,3834
8839,4083
8840,4125
8841,3875
8842,3958
8843,3875
8844,3791
8845,4666
8846,4083
8847,3791
8848,4000
8849,4167
8850,4208
8851,4125
8852,3875
8853,4583
8854,3875
8855,4250
8856,3792
8857,3958
8858,3792
8859,3833
8860,3875
8861,4833
8862,4208
8863,3792
8864,4042
8865,3958
8866,3834
8867,3833
8868,3708
8869,4375
8870,4042
8871,3917
8872,3708
8873,3917
8874,4000
8875,3709
8876,3708
8877,4167
8878,4125
8879,3917
8880,3833
8881,3958
8882,3750
8883,4042
8884,4000
8885,3792
8886,4542
8887,4292
8888,3958
8889,3958
8890,4167
8891,3750
8892,3916
8893,4000
8894,4500
8895,3750
8896,3708
8897,3791
8898,3750
8899,3708
8900,4000
8901,3750
8902,4875
8903,4000
8904,3875
8905,3917
8906,3792
8907,3709
8908,3750
8909,3708
8910,4375
8911,3875
8912,3833
8913,3833
8914,4000
8915,3875
8916,3792
8917,4083
8918,4166
8919,4375
8920,4042
8921,3708
8922,3750
8923,3708
8924,3792
8925,3750
8926,3708
8927,4500
8928,3708
8929,3708
8930,3667
8931,3709
8932,3708
8933,3708
8934,3708
8935,4375
8936,3709
8937,4041
8938,3792
8939,3792
8940,4000
8941,3791
8942,3750
8943,4417
8944,3833
8945,3708
8946,3750
8947,3708
8948,3708
8949,3750
8950,3750
8951,4667
8952,3709
8953,3875
8954,3875
8955,4000
8956,3666
8957,3792
8958,3875
8959,4291
8960,3834
8961,4125
8962,3875
8963,4000
8964,3833
8965,3708
8966,3834
8967,3709
8968,4333
8969,3750
8970,3750
8971,3709
8972,3666
8973,3709
8974,3708
8975,3791
8976,4458
8977,3750
8978,4042
8979,3750
8980,3708
8981,4125
8982,3791
8983,3833
8984,4709
8985,4125
8986,3750
8987,3708
8988,3792
8989,3667
8990,3667
8991,3708
8992,4500
8993,3709
8994,3709
8995,3917
8996,3708
8997,3709
8998,3750
8999,3875
9000,4458
9001,3792
9002,3791
9003,3709
9004,3958
9005,3667
9006,3708
9007,3875
9008,3708
9009,4291
9010,3750
9011,3708
9012,3667
9013,3708
9014,3791
9015,3708
9016,3667
9017,4250
9018,3750
9019,3750
9020,3750
9021,3875
9022,3667
9023,3708
9024,3709
9025,4458
9026,3750
9027,3750
9028,3708
9029,3709
9030,3708
9031,3750
9032,3709
9033,5000
9034,3708
9035,3708
9036,3834
9037,3750
9038,3666
9039,3708
9040,3958
9041,4417
9042,3833
9043,4000
9044,3708
9045,3750
9046,3750
9047,3750
9048,3708
9049,3792
9050,4750
9051,3917
9052,3708
9053,3958
9054,3750
9055,3708
9056,3708
9057,3708
9058,4250
9059,3708
9060,3708
9061,3708
9062,4000
9063,3959
9064,3708
9065,4041
9066,4291
9067,3708
9068,3916
9069,3916
9070,3750
9071,4083
9072,3709
9073,3708
9074,4291
9075,3750
9076,3708
9077,3666
9078,3708
9079,3708
9080,3708
9081,3708
9082,4583
9083,3709
9084,4000
9085,3875
9086,3792
9087,3958
9088,3791
9089,3917
9090,4208
9091,3791
9092,3792
9093,4292
9094,3750
9095,3708
9096,3750
9097,3791
9098,3750
9099,4209
9100,3667
9101,3792
9102,3875
9103,3792
9104,3750
9105,3709
9106,3709
9107,4833
9108,3792
9109,4000
9110,3708
9111,3834
9112,4167
9113,3750
9114,4083
9115,4500
9116,3750
9117,3833
9118,3834
9119,3791
9120,3708
9121,3917
9122,3708
9123,4708
9124,3959
9125,3750
9126,3708
9127,3708
9128,3750
9129,3750
9130,3750
9131,4375
9132,4333
9133,3709
9134,3708
9135,3750
9136,3667
9137,3708
9138,3667
9139,3792
9140,4292
9141,3833
9142,3750
9143,3708
9144,3709
9145,3792
9146,3750
9147,3791
9148,4208
9149,3750
9150,3708
9151,3750
9152,3750
9153,3875
9154,4166
9155,3916
9156,4500
9157,3708
9158,3834
9159,3667
9160,3708
9161,3708
9162,3709
9163,3833
9164,4459
9165,3834
9166,3917
9167,4083
9168,3750
9169,3667
9170,3708
9171,3708
9172,4292
9173,4042
9174,3750
9175,3750
9176,3750
9177,3667
9178,3708
9179,3709
9180,3750
9181,4209
9182,3708
9183,3750
9184,3666
9185,3750
9186,3709
9187,3709
9188,3708
9189,4250
9190,3750
9191,3709
9192,3708
9193,3750
9194,3791
9195,3750
9196,4042
9197,4584
9198,3708
9199,3750
9200,3708
9201,3667
9202,3833
9203,3708
9204,4042
9205,4500
9206,3709
9207,3708
9208,3916
9209,4041
9210,3833
9211,3875
9212,3833
9213,4875
9214,3916
9215,3750
9216,3750
9217,3750
9218,3708
9219,3792
9220,3792
9221,3750
9222,4417
9223,3708
9224,3708
9225,3875
9226,3958
9227,3750
9228,4583
9229,3792
9230,4584
9231,3708
9232,3708
9233,3792
9234,3709
9235,4000
9236,3959
9237,3708
9238,4416
9239,3708
9240,3875
9241,3875
9242,3833
9243,3709
9244,3708
9245,3750
9246,4375
9247,3750
9248,3708
9249,3834
9250,3708
9251,3709
9252,3708
9253,3709
9254,4375
9255,3708
9256,3708
9257,3709
9258,3750
9259,4042
9260,3792
9261,3708
9262,3959
9263,4167
9264,4084
9265,3708
9266,3709
9267,3750
9268,3750
9269,3750
9270,3708
9271,4333
9272,3958
9273,3709
9274,3750
9275,3708
9276,3834
9277,3750
9278,3750
9279,4375
9280,3875
9281,3875
9282,4041
9283,3750
9284,3708
9285,3750
9286,3709
9287,4583
9288,3709
9289,4000
9290,3917
9291,3875
9292,4250
9293,4250
9294,3750
9295,4417
9296,3750
9297,3750
9298,3792
9299,3708
9300,3750
9301,3708
9302,3709
9303,4167
9304,3917
9305,3708
9306,3708
9307,3709
9308,4208
9309,3750
9310,3709
9311,3750
9312,4250
9313,3708
9314,3709
9315,3708
9316,3708
9317,3708
9318,3875
9319,3917
9320,4542
9321,3709
9322,3792
9323,3750
9324,3709
9325,3708
9326,3750
9327,3916
9328,4500
9329,3791
9330,3708
9331,3750
9332,3958
9333,3834
9334,3708
9335,3958
9336,4458
9337,3958
9338,3750
9339,3750
9340,3750
9341,3916
9342,3708
9343,3750
9344,4292
9345,3708
9346,3708
9347,3917
9348,3709
9349,4125
9350,3708
9351,3709
9352,3708
9353,4333
9354,3875
9355,3750
9356,3833
9357,3708
9358,3750
9359,3833
9360,3792
9361,4791
9362,3791
9363,3708
9364,4000
9365,3917
9366,3792
9367,3791
9368,3875
9369,4834
9370,3667
9371,3666
9372,3709
9373,3875
9374,3709

